instance_name,type,n,R,num_anchors,alpha,edge_density,infeas_strategy,infeas_base,box_scale,log_domain_sum_orig,log_domain_sum_ps,num_quadratic_constraints_orig,num_quadratic_constraints_ps,num_linear_constraints_orig,num_linear_constraints_ps,parity_presolve_time,residue_presolve_time,num_parity_substitutions,num_pattern_substitutions,num_variables_fixed,num_constraints_tightened,num_constraints_eq_tightened,avg_relative_bound_tightening,infeasibility_detected,infeasibility_source
con_1,2_connected,20,100,0,0.0,0.2,,,,293.3120139993784,222.09682101611625,73,66,5,133,1.652933120727539,2.991956949234009,85,67,1,6,0,0.0,false,none
con_2,2_connected,20,100,0,0.0,0.2,,,,293.5201944633058,226.2442937176781,73,66,5,85,0.5684559345245361,0.7961001396179199,77,43,1,6,0,0.0,false,none
con_3,2_connected,20,100,0,0.0,0.2,,,,294.9934789286832,228.02939876145263,73,67,5,97,0.3887760639190674,0.6302809715270996,81,49,1,4,0,0.0,false,none
con_4,2_connected,20,100,0,0.0,0.2,,,,296.6227542625585,235.458763842165,73,66,5,119,0.9643750190734863,0.42470598220825195,75,72,5,4,0,0.0,false,none
con_5,2_connected,20,100,0,0.0,0.2,,,,301.1851997329655,234.1111632284837,73,69,5,133,0.7529258728027344,0.7957491874694824,86,66,0,4,0,0.0,false,none
con_6,2_connected,20,100,0,0.0,0.2,,,,281.8794902658886,224.92152444122007,73,65,5,105,0.35819482803344727,0.3532450199127197,69,56,3,7,0,0.0,false,none
con_7,2_connected,20,100,0,0.0,0.2,,,,286.977709856168,218.75152621140924,73,66,5,121,0.2890360355377197,0.26480698585510254,83,61,1,7,0,0.0,false,none
con_8,2_connected,20,100,0,0.0,0.2,,,,298.3315593360218,234.9955734623831,73,67,5,103,0.5300869941711426,0.18721318244934082,81,59,7,8,0,0.0,false,none
con_9,2_connected,20,100,0,0.0,0.2,,,,296.5583446187678,230.18209779657371,73,65,5,101,0.48036718368530273,0.5546228885650635,80,52,2,1,0,0.0,false,none
con_10,2_connected,20,100,0,0.0,0.2,,,,318.08038928623233,247.74420145649012,73,68,5,117,0.8412940502166748,0.8738198280334473,84,60,2,7,0,0.0,false,none
con_11,2_connected,100,100,0,0.0,0.1,,,,1555.550614622093,1080.4869984520342,684,668,5,817,4.207402944564819,2.634974956512451,556,440,32,34,0,0.0,false,none
con_12,2_connected,100,100,0,0.0,0.1,,,,1539.3792782460857,1097.468211341541,684,670,5,637,2.575976848602295,1.547396183013916,499,339,21,41,0,0.0,false,none
con_13,2_connected,100,100,0,0.0,0.1,,,,1509.9799022447105,1044.457919332448,684,673,5,793,2.085365056991577,1.96219801902771,550,424,28,42,0,0.0,false,none
con_14,2_connected,100,100,0,0.0,0.1,,,,1552.6028684493392,1076.998750348014,684,670,5,801,3.141057014465332,2.4998619556427,567,427,27,32,0,0.0,false,none
con_15,2_connected,100,100,0,0.0,0.1,,,,1544.0373330639006,1094.0195015550523,684,669,5,705,2.094104051589966,1.8048110008239746,516,378,26,41,0,0.0,false,none
con_16,2_connected,100,100,0,0.0,0.1,,,,1549.8002613201468,1143.1938137948805,684,672,5,677,1.7213609218597412,1.998934030532837,454,350,12,42,0,0.0,false,none
con_17,2_connected,100,100,0,0.0,0.1,,,,1494.4092188398467,1000.8554056548016,684,670,5,759,2.395720958709717,1.268955945968628,589,417,37,30,0,0.0,false,none
con_18,2_connected,100,100,0,0.0,0.1,,,,1545.9761986987332,1089.7844551564133,684,670,5,757,1.569350004196167,1.4948079586029053,519,403,25,28,0,0.0,false,none
con_19,2_connected,100,100,0,0.0,0.1,,,,1508.8003863441438,1025.6053648970517,684,666,5,769,2.0998809337615967,1.5265398025512695,560,408,24,18,0,0.0,false,none
con_20,2_connected,100,100,0,0.0,0.1,,,,1532.5734988861866,1101.0712671504389,684,670,5,726,1.6766729354858398,1.582015037536621,497,376,13,41,0,0.0,false,none
con_21,2_connected,20,100,3,0.0,0.2,,,,252.93280036302767,0.0,111,0,6,0,0.6857640743255615,2.86102294921875e-6,257,18,40,0,0,0.0,false,none
con_22,2_connected,20,100,3,0.0,0.2,,,,237.52610267351295,21.40903867266607,111,13,6,0,1.0681941509246826,0.008966922760009766,228,41,46,3,0,0.0,false,none
con_23,2_connected,20,100,3,0.0,0.2,,,,243.8654859725268,15.13775165774042,111,5,6,0,0.5971090793609619,0.0006160736083984375,228,0,32,2,0,0.0,false,none
con_24,2_connected,20,100,3,0.0,0.2,,,,242.8116049792137,9.287712379549449,111,5,6,0,0.46068501472473145,0.0005929470062255859,237,26,36,3,0,0.0,false,none
con_25,2_connected,20,100,3,0.0,0.2,,,,272.34800259749795,20.436626152829923,111,12,6,7,0.6659479141235352,0.10020208358764648,256,48,35,8,0,0.07833333333333334,false,none
con_26,2_connected,20,100,3,0.0,0.2,,,,239.58301990183426,12.87209768680786,111,7,6,0,0.8411509990692139,0.0008971691131591797,232,17,38,1,0,0.0,false,none
con_27,2_connected,20,100,3,0.0,0.2,,,,228.34584218423714,19.893799220306214,111,12,6,0,0.5887351036071777,0.0013990402221679688,209,2,31,3,0,0.0,false,none
con_28,2_connected,20,100,3,0.0,0.2,,,,232.45485046354636,55.621406359849175,111,30,6,0,1.0991408824920654,0.03438901901245117,185,29,31,10,0,0.0,false,none
con_29,2_connected,20,100,3,0.0,0.2,,,,264.0662641892445,58.93381497424691,111,29,6,5,0.5119869709014893,0.0944969654083252,206,17,26,3,0,0.0,false,none
con_30,2_connected,20,100,3,0.0,0.2,,,,260.77632864698325,0.0,111,0,6,0,0.5493268966674805,9.5367431640625e-7,263,30,40,0,0,0.0,false,none
con_31,2_connected,100,100,3,0.0,0.1,,,,1395.946610669665,0.0,882,0,6,0,1.217189073562622,1.9073486328125e-6,1363,243,197,0,0,0.0,false,none
con_32,2_connected,100,100,3,0.0,0.1,,,,1381.1016538640843,13.169142076887965,882,9,6,0,0.8975279331207275,0.0010709762573242188,1326,2,193,2,0,0.0,false,none
con_33,2_connected,100,100,3,0.0,0.1,,,,1390.305644595915,0.0,882,0,6,0,1.1020441055297852,9.5367431640625e-7,1370,53,195,0,0,0.0,false,none
con_34,2_connected,100,100,3,0.0,0.1,,,,1416.1413621402996,0.0,882,0,6,0,0.7250158786773682,2.1457672119140625e-6,1383,0,194,0,0,0.0,false,none
con_35,2_connected,100,100,3,0.0,0.1,,,,1360.261934866951,0.0,882,0,6,0,1.09352707862854,1.9073486328125e-6,1339,96,195,0,0,0.0,false,none
con_36,2_connected,100,100,3,0.0,0.1,,,,1345.3669237161703,0.0,882,0,6,0,0.6788668632507324,2.1457672119140625e-6,1312,0,194,0,0,0.0,false,none
con_37,2_connected,100,100,3,0.0,0.1,,,,1377.6717208306288,0.0,882,0,6,0,0.7082140445709229,2.1457672119140625e-6,1332,0,194,0,0,0.0,false,none
con_38,2_connected,100,100,3,0.0,0.1,,,,1398.7164616882624,0.0,882,0,6,0,0.6451818943023682,2.1457672119140625e-6,1372,2,195,0,0,0.0,false,none
con_39,2_connected,100,100,3,0.0,0.1,,,,1394.8586973171268,0.0,882,0,6,0,4.727299928665161,2.1457672119140625e-6,1534,836,348,0,0,0.0,false,none
con_40,2_connected,100,100,3,0.0,0.1,,,,1470.5159046278638,25.083063744716007,882,23,6,0,1.1795578002929688,0.002964019775390625,1393,141,192,4,0,0.0,false,none
con_41,2_connected,20,100,0,0.01,0.2,,,,298.30880003295874,296.3160588797601,127,69,5,1,0.03577709197998047,0.7389280796051025,0,0,0,56,0,0.0331425906490103,false,none
con_42,2_connected,20,100,0,0.01,0.2,,,,320.02659182143196,318.03195999057436,127,67,5,1,0.037197113037109375,0.7292399406433105,0,0,0,57,0,0.03569976898942081,false,none
con_43,2_connected,20,100,0,0.01,0.2,,,,295.3273724574401,293.3348962950326,127,68,5,1,0.04000282287597656,0.7260408401489258,0,0,0,58,1,0.09086075331764437,false,none
con_44,2_connected,20,100,0,0.01,0.2,,,,293.59180767777355,291.5989585862212,127,64,5,1,0.03621196746826172,0.6416990756988525,0,0,0,54,0,0.04538236551015622,false,none
con_45,2_connected,20,100,0,0.01,0.2,,,,294.4242749434259,290.6179785555806,127,67,5,1,0.06963086128234863,0.6279921531677246,2,0,0,53,0,0.029345141662075355,false,none
con_46,2_connected,20,100,0,0.01,0.2,,,,303.72702247215284,301.7344304096797,127,64,5,1,0.03561997413635254,0.6603798866271973,0,0,0,59,1,0.04332938334971162,false,none
con_47,2_connected,20,100,0,0.01,0.2,,,,312.6812273350826,309.79964533062895,127,67,5,5,0.09740591049194336,0.7189829349517822,2,2,0,59,1,0.035563746329561025,false,none
con_48,2_connected,20,100,0,0.01,0.2,,,,306.567564291147,304.5742203265825,127,65,5,1,0.03846406936645508,0.6801660060882568,0,0,0,49,0,0.022375320967148293,false,none
con_49,2_connected,20,100,0,0.01,0.2,,,,316.1177197181942,312.14281614434566,127,70,5,9,0.17098164558410645,0.9912910461425781,4,4,0,61,1,0.06324923923746885,false,none
con_50,2_connected,20,100,0,0.01,0.2,,,,292.74291681859785,290.75107917222147,127,66,5,1,0.03438305854797363,0.7338230609893799,0,0,0,55,0,0.04221523540061012,false,none
con_51,2_connected,100,100,0,0.01,0.1,,,,1590.7831731750991,1584.8313265008524,1269,671,5,17,0.39238810539245605,9.41415286064148,8,8,0,548,2,0.0424009710498058,false,none
con_52,2_connected,100,100,0,0.01,0.1,,,,1549.241552094442,1539.3505772128797,1269,671,5,33,0.37395715713500977,10.850111961364746,16,16,0,568,7,0.060267868313909206,false,none
con_53,2_connected,100,100,0,0.01,0.1,,,,1543.1394419747014,1533.8622873235681,1269,667,5,33,0.5998027324676514,8.248796939849854,16,16,0,558,3,0.055768324360296,false,none
con_54,2_connected,100,100,0,0.01,0.1,,,,1546.0639495058222,1537.4903448489151,1269,667,5,29,0.3332548141479492,9.662142753601074,14,14,0,553,5,0.05207012537534104,false,none
con_55,2_connected,100,100,0,0.01,0.1,,,,1521.3520033563389,1517.8241910823701,1269,669,5,9,0.3438420295715332,8.199836015701294,4,4,0,560,2,0.048254982369814216,false,none
con_56,2_connected,100,100,0,0.01,0.1,,,,1573.5676722539376,1561.8893835411645,1269,668,5,41,0.6076011657714844,9.208065032958984,20,20,0,566,3,0.05340684862342097,false,none
con_57,2_connected,100,100,0,0.01,0.1,,,,1581.6595274259187,1577.6863065872571,1269,666,5,9,0.34214091300964355,9.534740924835205,4,4,0,556,3,0.04529765874859991,false,none
con_58,2_connected,100,100,0,0.01,0.1,,,,1540.7452557709562,1535.8652040533584,1269,670,5,13,0.26696085929870605,9.110440254211426,6,6,0,566,4,0.04717932337091852,false,none
con_59,2_connected,100,100,0,0.01,0.1,,,,1552.4494599764635,1542.5847238101276,1269,674,5,33,0.40609002113342285,9.220365047454834,16,16,0,562,2,0.047657146501821505,false,none
con_60,2_connected,100,100,0,0.01,0.1,,,,1572.9244614013148,1553.2522141539794,1269,671,5,73,0.7279369831085205,9.435647964477539,36,36,0,527,3,0.04401616736235932,false,none
con_61,2_connected,20,100,3,0.01,0.2,,,,249.38250582187493,249.38250582187493,165,89,6,0,0.057988882064819336,0.5846340656280518,0,0,0,72,0,0.04363137301015066,false,none
con_62,2_connected,20,100,3,0.01,0.2,,,,252.8782614669219,252.8782614669219,165,91,6,0,0.05581498146057129,0.556096076965332,0,0,0,73,0,0.025851919266248392,false,none
con_63,2_connected,20,100,3,0.01,0.2,,,,267.15867093323425,267.15867093323425,165,91,6,0,0.05681800842285156,0.5571300983428955,0,0,0,69,1,0.0640391150415811,false,none
con_64,2_connected,20,100,3,0.01,0.2,,,,254.84610504869087,252.89445054715253,165,88,6,8,0.12459707260131836,0.613476037979126,4,4,0,64,0,0.04718533732094697,false,none
con_65,2_connected,20,100,3,0.01,0.2,,,,245.93872821117887,243.96309325565034,165,91,6,8,0.10215210914611816,0.7372758388519287,4,4,0,66,0,0.042153065056483134,false,none
con_66,2_connected,20,100,3,0.01,0.2,,,,238.8915048387887,238.10533524662173,165,88,6,4,0.12056088447570801,0.5799160003662109,2,2,0,68,0,0.035713533185588266,false,none
con_67,2_connected,20,100,3,0.01,0.2,,,,247.59927717947994,247.59927717947994,165,88,6,0,0.0544581413269043,0.482496976852417,0,0,0,70,0,0.033153362561213116,false,none
con_68,2_connected,20,100,3,0.01,0.2,,,,232.5041212572825,230.86026506750775,165,85,6,4,0.16541719436645508,0.53985595703125,4,2,0,66,0,0.03173023823339863,false,none
con_69,2_connected,20,100,3,0.01,0.2,,,,228.96762208369512,228.96762208369512,165,86,6,0,0.05580782890319824,0.5063040256500244,0,0,0,63,0,0.084395400521287,false,none
con_70,2_connected,20,100,3,0.01,0.2,,,,273.95193323864765,273.95193323864765,165,94,6,0,0.056591033935546875,0.6200411319732666,0,0,0,75,0,0.057000963882125694,false,none
con_71,2_connected,100,100,3,0.01,0.1,,,,1396.1139528515635,1392.0102530085908,1467,846,6,12,0.5927228927612305,8.571352005004883,8,6,0,673,1,0.04610707465026719,false,none
con_72,2_connected,100,100,3,0.01,0.1,,,,1390.9789556624048,1387.028432657934,1467,844,6,16,0.3255171775817871,9.482221841812134,8,8,0,686,3,0.04544786072624868,false,none
con_73,2_connected,100,100,3,0.01,0.1,,,,1414.1540931963173,1400.7592540415958,1467,835,6,56,0.6145401000976562,7.71644401550293,28,28,0,619,3,0.05856574478329547,false,none
con_74,2_connected,100,100,3,0.01,0.1,,,,1496.6012934135315,1490.6894066233942,1467,843,6,20,0.37688493728637695,9.707516193389893,10,10,0,667,7,0.06425849312302574,false,none
con_75,2_connected,100,100,3,0.01,0.1,,,,1382.5088812055994,1366.5586695491559,1467,839,6,68,1.2278242111206055,7.802181005477905,34,34,0,624,3,0.050051789250960516,false,none
con_76,2_connected,100,100,3,0.01,0.1,,,,1440.6202169524904,1428.8220368090138,1467,833,6,48,0.6711359024047852,8.558825016021729,24,24,0,669,4,0.057871368954013555,false,none
con_77,2_connected,100,100,3,0.01,0.1,,,,1420.2811935740656,1414.6075362382435,1467,848,6,24,0.47107410430908203,8.098572969436646,12,12,0,658,1,0.04648300156892308,false,none
con_78,2_connected,100,100,3,0.01,0.1,,,,1440.9822256861792,1439.0774929322154,1467,836,6,8,0.2980539798736572,8.44399118423462,4,4,0,671,1,0.04547838988162637,false,none
con_79,2_connected,100,100,3,0.01,0.1,,,,1406.4455092617147,1394.7082176229635,1467,838,6,48,0.7535500526428223,7.962011098861694,24,24,0,609,2,0.04493010504723383,false,none
con_80,2_connected,100,100,3,0.01,0.1,,,,1353.1220128473503,1340.4998481278456,1467,825,6,54,0.9618830680847168,7.275783061981201,28,28,1,633,3,0.07458575590698234,false,none
lam_1,laman,20,100,0,0.0,,,,,321.1217631322034,266.62744975115055,56,51,5,125,0.3450760841369629,0.6354460716247559,70,62,0,10,0,0.0,false,none
lam_2,laman,20,100,0,0.0,,,,,274.8840228538573,225.18504590397208,56,51,5,77,0.35510897636413574,0.3995699882507324,62,40,2,2,0,0.0,false,none
lam_3,laman,20,100,0,0.0,,,,,307.9933842902922,267.2305592328373,56,50,5,61,0.15922808647155762,0.5061080455780029,51,31,1,7,0,0.0,false,none
lam_4,laman,20,100,0,0.0,,,,,304.42211420665444,250.5891094759193,56,52,5,85,0.34171295166015625,0.514854907989502,67,43,1,9,0,0.0,false,none
lam_5,laman,20,100,0,0.0,,,,,290.7493681949425,247.25505098780656,56,53,5,85,0.32520198822021484,0.31357502937316895,58,42,0,6,0,0.0,false,none
lam_6,laman,20,100,0,0.0,,,,,300.5401752925591,241.94743971979136,56,50,5,113,0.5060861110687256,0.26747798919677734,77,57,1,7,0,0.0,false,none
lam_7,laman,20,100,0,0.0,,,,,290.53701476851256,242.514340317702,56,51,5,109,0.27424001693725586,0.3900580406188965,60,54,0,6,0,0.0,false,none
lam_8,laman,20,100,0,0.0,,,,,299.34476626875426,246.84648429541485,56,48,5,85,0.24939608573913574,0.24462509155273438,63,43,1,8,0,0.0,false,none
lam_9,laman,20,100,0,0.0,,,,,326.1834999761574,276.5949223715489,56,53,5,81,0.27019500732421875,0.36655497550964355,62,40,0,5,0,0.0,false,none
lam_10,laman,20,100,0,0.0,,,,,302.6339369221099,256.0946380231181,56,48,5,61,0.2452409267425537,0.5037500858306885,54,32,2,6,0,0.0,false,none
lam_11,laman,100,100,0,0.0,,,,,1702.483467182788,1448.0997146657203,296,285,5,513,0.948699951171875,2.440152168273926,324,260,4,52,0,0.0,false,none
lam_12,laman,100,100,0,0.0,,,,,1686.2965607372753,1383.009034732735,296,288,5,545,1.2478110790252686,1.7559399604797363,368,289,16,43,0,0.0,false,none
lam_13,laman,100,100,0,0.0,,,,,1758.646130598536,1473.0988184487799,296,289,5,505,1.318763017654419,2.373027801513672,363,263,11,47,0,0.0,false,none
lam_14,laman,100,100,0,0.0,,,,,1716.0011676745034,1445.4480524702817,296,289,5,449,0.7366518974304199,2.2735400199890137,319,230,5,44,0,0.0,false,none
lam_15,laman,100,100,0,0.0,,,,,1655.2855118849016,1360.322909189806,296,288,5,571,0.8367798328399658,1.732961893081665,376,300,12,48,0,0.0,false,none
lam_16,laman,100,100,0,0.0,,,,,1709.8822691168184,1414.432083059062,296,287,5,489,0.7536699771881104,1.7071418762207031,370,262,18,48,0,0.0,false,none
lam_17,laman,100,100,0,0.0,,,,,1747.6016461317324,1457.6910991584084,296,293,5,449,0.663560152053833,2.0304360389709473,351,254,25,62,0,0.0,false,none
lam_18,laman,100,100,0,0.0,,,,,1671.7698674937617,1429.2920605061481,296,290,5,381,0.5665428638458252,2.929046154022217,308,199,8,46,0,0.0,false,none
lam_19,laman,100,100,0,0.0,,,,,1759.2672905699692,1454.9832756642863,296,289,5,503,0.5631229877471924,2.3514890670776367,364,271,13,52,0,0.0,false,none
lam_20,laman,100,100,0,0.0,,,,,1730.599524851276,1452.2459569351647,296,289,5,477,0.7913291454315186,2.536336898803711,342,247,8,52,0,0.0,false,none
lam_21,laman,20,100,3,0.0,,,,,252.06880897206457,153.937503461593,94,65,6,56,0.3424959182739258,0.9769091606140137,114,42,11,19,0,0.02,false,none
lam_22,laman,20,100,3,0.0,,,,,249.45015113951752,0.0,94,0,6,0,1.1568100452423096,9.5367431640625e-7,294,124,74,0,0,0.0,false,none
lam_23,laman,20,100,3,0.0,,,,,283.47408997301585,242.85162860943598,94,82,6,61,0.27767515182495117,0.9169168472290039,51,34,3,34,0,0.0,false,none
lam_24,laman,20,100,3,0.0,,,,,258.08460179122744,208.02625606678959,94,79,6,71,0.36183905601501465,0.36585092544555664,64,38,2,32,0,0.020833333333333332,false,none
lam_25,laman,20,100,3,0.0,,,,,260.61515219752073,90.816587213111,94,38,6,20,0.8029499053955078,0.04556107521057129,200,88,43,8,0,0.0,false,none
lam_26,laman,20,100,3,0.0,,,,,278.5713726426031,216.44836104387096,94,78,6,108,0.5533261299133301,0.7727818489074707,83,56,2,23,0,0.003976143141153081,false,none
lam_27,laman,20,100,3,0.0,,,,,268.1435945879733,139.74873375672757,94,49,6,9,0.8720238208770752,0.291212797164917,155,68,37,15,0,0.0,false,none
lam_28,laman,20,100,3,0.0,,,,,251.5809354481168,198.25854929197604,94,79,6,68,0.3815310001373291,0.5676040649414062,67,36,2,23,0,0.02973708366115919,false,none
lam_29,laman,20,100,3,0.0,,,,,279.5698308979487,92.00559345720924,94,37,6,14,0.8875141143798828,0.0911409854888916,219,89,47,13,0,0.0,false,none
lam_30,laman,20,100,3,0.0,,,,,266.7974916164188,118.77567431571384,94,59,6,60,1.1467218399047852,0.3563721179962158,188,113,38,14,0,0.0,false,none
lam_31,laman,100,100,3,0.0,,,,,1637.472000767033,1145.2337959640984,494,473,6,416,2.503257989883423,4.275564193725586,595,372,47,147,0,0.1261041079456681,false,none
lam_32,laman,100,100,3,0.0,,,,,1630.2404027791115,1161.837910758103,494,474,6,428,1.7338509559631348,2.673063039779663,585,349,54,149,0,0.05857342771390193,false,none
lam_33,laman,100,100,3,0.0,,,,,1724.667422253359,1276.8201736322264,494,480,6,428,1.0005948543548584,2.5285627841949463,522,245,23,127,0,0.05615807356062229,false,none
lam_34,laman,100,100,3,0.0,,,,,1619.1896055579161,1235.1880129551366,494,475,6,318,1.1330440044403076,2.0434300899505615,460,258,20,141,0,0.03461744062307089,false,none
lam_35,laman,100,100,3,0.0,,,,,1619.994473483001,595.4365303525889,494,239,6,143,3.813601016998291,0.6898300647735596,1255,683,297,77,0,0.06535917709568625,false,none
lam_36,laman,100,100,3,0.0,,,,,1672.441374853292,1222.5847965896396,494,470,6,343,1.1381640434265137,2.1758480072021484,529,223,35,126,0,0.043034974704666176,false,none
lam_37,laman,100,100,3,0.0,,,,,1603.8083543568184,1371.5775815395543,494,475,6,459,1.1050841808319092,2.0501790046691895,297,231,1,165,0,0.0,false,none
lam_38,laman,100,100,3,0.0,,,,,1700.2209639009398,1295.0732731553971,494,480,6,441,0.992933988571167,2.1913301944732666,486,241,20,142,0,0.05967036578256614,false,none
lam_39,laman,100,100,3,0.0,,,,,1684.204214206768,1301.726385846844,494,479,6,418,1.543370008468628,2.94030499458313,453,334,17,118,0,0.04239614567128693,false,none
lam_40,laman,100,100,3,0.0,,,,,1723.6713838349117,1415.256229057127,494,476,6,434,0.7298619747161865,3.5611519813537598,364,244,14,172,0,0.01996825396825397,false,none
lam_41,laman,20,100,0,0.01,,,,,302.93897567727646,298.96279806278227,93,53,5,9,0.11278986930847168,0.6389541625976562,4,4,0,37,1,0.06749382414997919,false,none
lam_42,laman,20,100,0,0.01,,,,,322.96338503806464,320.9688757915423,93,51,5,1,0.0449368953704834,0.440093994140625,0,0,0,43,0,0.051309215899010864,false,none
lam_43,laman,20,100,0,0.01,,,,,297.1826185428934,295.18921372309455,93,50,5,1,0.03395199775695801,0.4305000305175781,0,0,0,42,0,0.074384998843294,false,none
lam_44,laman,20,100,0,0.01,,,,,317.54223659044646,315.5474308134185,93,53,5,1,0.033457040786743164,0.5097541809082031,0,0,0,40,0,0.06700540309403327,false,none
lam_45,laman,20,100,0,0.01,,,,,282.7761502585229,277.1678882161562,93,48,5,1,0.07352805137634277,0.4121060371398926,4,0,0,38,1,0.08160382343611526,false,none
lam_46,laman,20,100,0,0.01,,,,,306.3196859470809,304.3262811272821,93,52,5,1,0.039691925048828125,0.5176851749420166,0,0,0,43,0,0.05334930918280641,false,none
lam_47,laman,20,100,0,0.01,,,,,308.1271478067717,306.1330909398343,93,52,5,1,0.03558802604675293,0.47675395011901855,0,0,0,48,1,0.10997014565668739,false,none
lam_48,laman,20,100,0,0.01,,,,,302.38723732323075,300.3930138818804,93,49,5,1,0.03330588340759277,0.3936281204223633,0,0,0,38,0,0.03834832918944979,false,none
lam_49,laman,20,100,0,0.01,,,,,316.786871303631,314.79197367468964,93,52,5,1,0.03426814079284668,0.4940049648284912,0,0,0,43,0,0.037259996432349785,false,none
lam_50,laman,20,100,0,0.01,,,,,305.85226720819315,303.857908246318,93,52,5,1,0.03488302230834961,0.5222311019897461,0,0,0,41,0,0.02735295670225592,false,none
lam_51,laman,100,100,0,0.01,,,,,1692.791435765225,1684.9762705214368,493,289,5,25,0.1978158950805664,2.813812017440796,12,12,0,218,0,0.04889188676320781,false,none
lam_52,laman,100,100,0,0.01,,,,,1708.8466146454034,1702.9115349759093,493,285,5,17,0.21813106536865234,2.8372020721435547,8,8,0,223,3,0.059223808905109566,false,none
lam_53,laman,100,100,0,0.01,,,,,1724.9492600389347,1720.970906533586,493,291,5,9,0.1698780059814453,2.855336904525757,4,4,0,230,2,0.06412979535013445,false,none
lam_54,laman,100,100,0,0.01,,,,,1693.3040574699264,1689.3227135689615,493,287,5,9,0.14235901832580566,2.9465298652648926,4,4,0,231,0,0.03807112728462298,false,none
lam_55,laman,100,100,0,0.01,,,,,1728.8018084746925,1720.860768122891,493,290,5,25,0.2821991443634033,3.1823079586029053,12,12,0,229,2,0.05540173255952635,false,none
lam_56,laman,100,100,0,0.01,,,,,1705.9979458038868,1700.052428282322,493,285,5,17,0.13269972801208496,3.2781968116760254,8,8,0,229,3,0.06649371481874303,false,none
lam_57,laman,100,100,0,0.01,,,,,1721.114355011439,1719.1178931971451,493,288,5,1,0.08434724807739258,2.7040529251098633,0,0,0,226,1,0.045524756663700885,false,none
lam_58,laman,100,100,0,0.01,,,,,1747.9731312476047,1745.9766265721773,493,289,5,1,0.06912398338317871,2.8272719383239746,0,0,0,225,1,0.03889374328344695,false,none
lam_59,laman,100,100,0,0.01,,,,,1778.6901519865414,1776.6933958205893,493,287,5,1,0.08118081092834473,2.9031360149383545,0,0,0,226,2,0.03965571452637912,false,none
lam_60,laman,100,100,0,0.01,,,,,1685.7604999473788,1679.8146035452687,493,290,5,17,0.2015380859375,2.663567066192627,8,8,0,219,0,0.05205288874553693,false,none
lam_61,laman,20,100,3,0.01,,,,,252.6650428984967,252.6650428984967,131,74,6,0,0.06963396072387695,0.3250460624694824,0,0,0,59,0,0.060499955353792184,false,none
lam_62,laman,20,100,3,0.01,,,,,266.84477355152893,266.84477355152893,131,79,6,0,0.05664801597595215,0.42789697647094727,0,0,0,53,0,0.03606879310966864,false,none
lam_63,laman,20,100,3,0.01,,,,,262.56424456458774,262.56424456458774,131,78,6,0,0.0645148754119873,0.38892412185668945,0,0,0,63,0,0.047700228757262035,false,none
lam_64,laman,20,100,3,0.01,,,,,271.82395215651445,267.91431202831774,131,79,6,16,0.18889904022216797,0.3523390293121338,8,8,0,53,0,0.05054072016812252,false,none
lam_65,laman,20,100,3,0.01,,,,,249.51601001295435,249.51601001295435,131,79,6,0,0.05566000938415527,0.41872596740722656,0,0,0,55,1,0.07784502233973319,false,none
lam_66,laman,20,100,3,0.01,,,,,243.67066247889517,243.67066247889517,131,78,6,0,0.055329084396362305,0.3789808750152588,0,0,0,54,0,0.05946136184325984,false,none
lam_67,laman,20,100,3,0.01,,,,,273.89260363903423,273.89260363903423,131,77,6,0,0.055657148361206055,0.37729692459106445,0,0,0,61,0,0.043527099494251306,false,none
lam_68,laman,20,100,3,0.01,,,,,228.13374756383723,228.13374756383723,131,75,6,0,0.06571197509765625,0.2896759510040283,0,0,0,57,0,0.0602854337670833,false,none
lam_69,laman,20,100,3,0.01,,,,,264.57042384439285,264.57042384439285,131,77,6,0,0.05438399314880371,0.36621618270874023,0,0,0,57,0,0.030550835711543694,false,none
lam_70,laman,20,100,3,0.01,,,,,268.09663931209724,268.09663931209724,131,78,6,0,0.05392599105834961,0.3943500518798828,0,0,0,60,0,0.02783110906378394,false,none
lam_71,laman,100,100,3,0.01,,,,,1575.6940382762484,1575.6940382762484,691,470,6,0,0.08164596557617188,2.6626219749450684,0,0,0,348,0,0.05960584826172553,false,none
lam_72,laman,100,100,3,0.01,,,,,1697.731561174426,1695.7399864479992,691,478,6,8,0.21580791473388672,3.105201244354248,4,4,0,357,2,0.05227530123832808,false,none
lam_73,laman,100,100,3,0.01,,,,,1656.1032873694246,1656.1032873694246,691,479,6,0,0.3384389877319336,2.7656328678131104,0,0,0,349,1,0.060454302900947096,false,none
lam_74,laman,100,100,3,0.01,,,,,1686.5085782164072,1686.5085782164072,691,474,6,0,0.11654806137084961,2.6322879791259766,0,0,0,347,1,0.05190307111159658,false,none
lam_75,laman,100,100,3,0.01,,,,,1554.2043625924985,1549.5527207991267,691,474,6,20,0.25309085845947266,2.8362550735473633,10,10,0,351,0,0.042583999752505666,false,none
lam_76,laman,100,100,3,0.01,,,,,1710.2405935893294,1708.255376273723,691,480,6,8,0.2227630615234375,2.944329023361206,4,4,0,345,1,0.04460987061097544,false,none
lam_77,laman,100,100,3,0.01,,,,,1697.8913770029967,1697.8913770029967,691,480,6,0,0.11511993408203125,2.807157039642334,0,0,0,358,0,0.048153179031455655,false,none
lam_78,laman,100,100,3,0.01,,,,,1659.2136857738005,1657.220061683742,691,481,6,8,0.2208399772644043,3.0581181049346924,4,4,0,364,3,0.07174273111727787,false,none
lam_79,laman,100,100,3,0.01,,,,,1662.3243710452598,1658.3553631154814,691,475,6,16,0.20876717567443848,3.1501450538635254,8,8,0,359,2,0.06281786423485243,false,none
lam_80,laman,100,100,3,0.01,,,,,1662.522312544401,1660.5364246685374,691,476,6,8,0.16289806365966797,2.905998945236206,4,4,0,359,0,0.05069248357535347,false,none
gr_1,globally_rigid,20,100,0,0.0,,,,,298.7177403751536,258.4063207338226,57,54,5,93,0.178084135055542,0.40950679779052734,46,46,0,12,0,0.0,false,none
gr_2,globally_rigid,20,100,0,0.0,,,,,310.52261725899757,268.72186390000326,57,53,5,57,0.254810094833374,0.696774959564209,50,28,0,11,0,0.0,false,none
gr_3,globally_rigid,20,100,0,0.0,,,,,308.07092758597,250.6379927322832,57,52,5,107,0.25466012954711914,0.27365684509277344,71,57,3,5,0,0.0,false,none
gr_4,globally_rigid,20,100,0,0.0,,,,,328.67035382518077,284.9772256429335,57,53,5,65,0.2928431034088135,0.5349249839782715,52,32,0,9,0,0.0,false,none
gr_5,globally_rigid,20,100,0,0.0,,,,,295.35639636452566,255.66282162160266,57,53,5,49,0.18861818313598633,0.6807229518890381,46,24,0,7,0,0.0,false,none
gr_6,globally_rigid,20,100,0,0.0,,,,,313.12112494579554,245.74144263041595,57,52,5,109,0.2971320152282715,0.32527804374694824,83,57,3,7,0,0.0,false,none
gr_7,globally_rigid,20,100,0,0.0,,,,,317.84479252677613,271.1416669624007,57,53,5,73,0.42845892906188965,0.5106449127197266,58,39,2,8,0,0.0,false,none
gr_8,globally_rigid,20,100,0,0.0,,,,,303.3964998488272,243.6259545853471,57,51,5,81,0.28928494453430176,0.40018606185913086,70,42,2,8,0,0.0,false,none
gr_9,globally_rigid,20,100,0,0.0,,,,,316.87360432421144,272.06481043918143,57,50,5,57,0.17608189582824707,0.5927560329437256,54,28,0,7,0,0.0,false,none
gr_10,globally_rigid,20,100,0,0.0,,,,,319.19250679870856,271.67403681154303,57,52,5,89,0.4109480381011963,0.36167001724243164,60,44,0,8,0,0.0,false,none
gr_11,globally_rigid,100,100,0,0.0,,,,,1785.8061043084863,1541.9686986631139,297,294,5,485,0.7403919696807861,1.8008778095245361,305,243,1,66,0,0.0,false,none
gr_12,globally_rigid,100,100,0,0.0,,,,,1767.9672182850074,1514.7450370996846,297,294,5,605,0.8523979187011719,2.0906689167022705,308,306,4,53,0,0.0,false,none
gr_13,globally_rigid,100,100,0,0.0,,,,,1730.7887431146826,1464.2370762545204,297,291,5,525,1.2940099239349365,2.320183038711548,332,268,6,50,0,0.0,false,none
gr_14,globally_rigid,100,100,0,0.0,,,,,1734.6736845356825,1478.6781829189206,297,294,5,633,1.34306001663208,2.080735921859741,332,322,6,53,0,0.0,false,none
gr_15,globally_rigid,100,100,0,0.0,,,,,1707.1401344649787,1436.4515037312594,297,288,5,405,0.7062981128692627,2.856139898300171,331,207,5,44,0,0.0,false,none
gr_16,globally_rigid,100,100,0,0.0,,,,,1724.262005061371,1464.0159791846309,297,293,5,441,0.6151230335235596,2.384434938430786,317,227,7,52,0,0.0,false,none
gr_17,globally_rigid,100,100,0,0.0,,,,,1720.2343594941829,1372.7288671693307,297,291,5,623,1.2030649185180664,2.1064510345458984,427,328,15,47,0,0.0,false,none
gr_18,globally_rigid,100,100,0,0.0,,,,,1751.534372853687,1489.3785702909229,297,292,5,557,0.8124818801879883,2.4622609615325928,322,280,2,57,0,0.0,false,none
gr_19,globally_rigid,100,100,0,0.0,,,,,1792.535441996125,1532.943796542129,297,293,5,477,0.5673651695251465,2.4474549293518066,323,239,1,48,0,0.0,false,none
gr_20,globally_rigid,100,100,0,0.0,,,,,1737.8850544049474,1453.5618304379068,297,290,5,445,0.8503308296203613,2.7874789237976074,343,235,13,52,0,0.0,false,none
gr_21,globally_rigid,20,100,3,0.0,,,,,259.797025876,201.62848668363625,95,71,6,68,0.538686990737915,0.26383304595947266,71,40,7,27,0,0.0,false,none
gr_22,globally_rigid,20,100,3,0.0,,,,,265.74322892425033,28.25464062838789,95,12,6,0,0.8290650844573975,0.0014679431915283203,242,53,35,3,0,0.0,false,none
gr_23,globally_rigid,20,100,3,0.0,,,,,263.59986932761586,176.81861204974442,95,72,6,20,0.46807098388671875,0.2699899673461914,96,17,7,24,0,0.0,false,none
gr_24,globally_rigid,20,100,3,0.0,,,,,272.2926070086496,186.18812279411006,95,72,6,55,0.38053417205810547,0.3605179786682129,108,56,19,32,0,0.03629458952039597,false,none
gr_25,globally_rigid,20,100,3,0.0,,,,,263.3234041855814,186.2744392880565,95,80,6,91,0.3652839660644531,0.34269094467163086,94,54,6,43,0,0.027770326510704327,false,none
gr_26,globally_rigid,20,100,3,0.0,,,,,257.89332959509056,173.5942634796676,95,75,6,51,0.7719230651855469,0.19918608665466309,104,59,11,24,0,0.0,false,none
gr_27,globally_rigid,20,100,3,0.0,,,,,250.48587364956705,165.25274056921023,95,67,6,27,0.5132691860198975,0.3114438056945801,102,33,15,23,0,0.07142857142857142,false,none
gr_28,globally_rigid,20,100,3,0.0,,,,,253.59828825986511,24.40687347243636,95,12,6,0,1.6013438701629639,0.0012841224670410156,264,85,61,5,0,0.0,false,none
gr_29,globally_rigid,20,100,3,0.0,,,,,260.1158001792195,232.3620623637949,95,80,6,48,0.09747099876403809,0.46926093101501465,34,24,0,27,0,0.0,false,none
gr_30,globally_rigid,20,100,3,0.0,,,,,265.5951579073218,193.7346444702425,95,80,6,27,0.3491370677947998,0.326261043548584,81,21,5,30,0,0.05270689463904373,false,none
gr_31,globally_rigid,100,100,3,0.0,,,,,1621.132025732111,1373.9849444981803,495,478,6,388,1.0046100616455078,2.774690866470337,314,197,3,160,0,0.03333333333333333,false,none
gr_32,globally_rigid,100,100,3,0.0,,,,,1580.4850165327418,1217.2508344292442,495,473,6,389,0.8215432167053223,2.247997999191284,422,214,15,139,0,0.06431159420289854,false,none
gr_33,globally_rigid,100,100,3,0.0,,,,,1653.3151406925256,1230.8470807369267,495,477,6,442,1.3511409759521484,2.009068012237549,515,256,30,119,0,0.04093561220654695,false,none
gr_34,globally_rigid,100,100,3,0.0,,,,,1633.7492876878912,1195.248116189396,495,468,6,345,0.8485379219055176,1.611454963684082,516,194,18,137,0,0.1519628187881043,false,none
gr_35,globally_rigid,100,100,3,0.0,,,,,1745.2659093360833,1339.3062165257359,495,471,6,322,1.6025159358978271,2.533090829849243,488,227,34,128,0,0.017857142857142856,false,none
gr_36,globally_rigid,100,100,3,0.0,,,,,1654.421637679987,1305.5922869712758,495,480,6,363,0.8839190006256104,2.5305280685424805,411,200,14,131,0,0.00824527123723137,false,none
gr_37,globally_rigid,100,100,3,0.0,,,,,1641.0289622163912,1250.884857060946,495,472,6,337,0.8359079360961914,2.3921961784362793,447,186,13,124,0,0.03928192898781134,false,none
gr_38,globally_rigid,100,100,3,0.0,,,,,1643.9036685948297,1400.3454858957687,495,479,6,352,0.7925150394439697,3.1582748889923096,295,181,5,154,0,0.0,false,none
gr_39,globally_rigid,100,100,3,0.0,,,,,1604.8605523150425,1354.71528418228,495,477,6,456,0.9917049407958984,2.4752769470214844,300,237,4,154,0,0.0,false,none
gr_40,globally_rigid,100,100,3,0.0,,,,,1648.206620871443,1260.3290058386099,495,475,6,438,1.1167190074920654,1.9413139820098877,450,243,14,118,0,0.029743461602532068,false,none
gr_41,globally_rigid,20,100,0,0.01,,,,,303.7337190995577,301.73944976694645,95,53,5,1,0.036128997802734375,0.4956338405609131,0,0,0,43,0,0.06037329291591431,false,none
gr_42,globally_rigid,20,100,0,0.01,,,,,320.74329770891666,318.7482257888196,95,52,5,1,0.03458118438720703,0.504694938659668,0,0,0,41,0,0.030142971806268983,false,none
gr_43,globally_rigid,20,100,0,0.01,,,,,305.6321741954864,301.67472942484324,95,52,5,9,0.1250309944152832,0.530310869216919,4,4,0,42,0,0.03521117016632449,false,none
gr_44,globally_rigid,20,100,0,0.01,,,,,318.72488007305134,316.73007429602336,95,54,5,1,0.035420894622802734,0.5516610145568848,0,0,0,43,0,0.02227386772989244,false,none
gr_45,globally_rigid,20,100,0,0.01,,,,,300.8370476716538,292.9575379075786,95,52,5,25,0.26476407051086426,0.5829839706420898,12,12,0,37,1,0.07614964133852663,false,none
gr_46,globally_rigid,20,100,0,0.01,,,,,290.49246024855194,288.49986818607874,95,50,5,1,0.034590959548950195,0.44823408126831055,0,0,0,42,0,0.039543251318877204,false,none
gr_47,globally_rigid,20,100,0,0.01,,,,,326.1455220368967,324.1501497685732,95,53,5,1,0.03409600257873535,0.473189115524292,0,0,0,41,0,0.045857256473797965,false,none
gr_48,globally_rigid,20,100,0,0.01,,,,,308.9825113939887,306.9883345848285,95,51,5,1,0.03386712074279785,0.45174503326416016,0,0,0,40,0,0.036089560557327906,false,none
gr_49,globally_rigid,20,100,0,0.01,,,,,294.65234664958604,290.67607314019676,95,52,5,9,0.0837550163269043,0.6031680107116699,4,4,0,41,0,0.04302167255207731,false,none
gr_50,globally_rigid,20,100,0,0.01,,,,,295.5931814799023,293.6000596478358,95,51,5,1,0.03574323654174805,0.46855807304382324,0,0,0,40,1,0.11172816458767716,false,none
gr_51,globally_rigid,100,100,0,0.01,,,,,1725.7183394805024,1721.733160494316,495,291,5,9,0.1614530086517334,3.037187099456787,4,4,0,236,1,0.0696914996453968,false,none
gr_52,globally_rigid,100,100,0,0.01,,,,,1768.0844673278486,1760.11865960341,495,292,5,25,0.22180414199829102,3.082366943359375,12,12,0,229,1,0.05068380860056363,false,none
gr_53,globally_rigid,100,100,0,0.01,,,,,1764.788745761049,1760.8128536536858,495,292,5,9,0.13745903968811035,2.978425979614258,4,4,0,242,0,0.03846793595666928,false,none
gr_54,globally_rigid,100,100,0,0.01,,,,,1714.0733951855893,1708.1046400239923,495,289,5,13,0.1481151580810547,3.041826009750366,6,6,0,240,0,0.05367317108575762,false,none
gr_55,globally_rigid,100,100,0,0.01,,,,,1749.5210084026144,1741.9132033519593,495,294,5,25,0.297990083694458,2.744471788406372,12,12,0,220,1,0.061863040436037464,false,none
gr_56,globally_rigid,100,100,0,0.01,,,,,1738.1900660922302,1732.2696898495963,495,291,5,17,0.1634531021118164,3.1948468685150146,8,8,0,236,1,0.03933960191624907,false,none
gr_57,globally_rigid,100,100,0,0.01,,,,,1694.6878874572594,1686.753613489342,495,289,5,25,0.32366013526916504,3.0760741233825684,12,12,0,219,1,0.04546259084168676,false,none
gr_58,globally_rigid,100,100,0,0.01,,,,,1793.7630211888631,1789.8050612199982,495,292,5,9,0.17089200019836426,3.0437119007110596,4,4,0,227,2,0.04558689373330115,false,none
gr_59,globally_rigid,100,100,0,0.01,,,,,1763.4753048571336,1760.5835505292778,495,291,5,5,0.1822950839996338,2.792113780975342,2,2,0,216,2,0.0476124252912727,false,none
gr_60,globally_rigid,100,100,0,0.01,,,,,1773.4103359407297,1765.497413307266,495,290,5,25,0.3291778564453125,2.946932077407837,12,12,0,237,4,0.05964151881727964,false,none
gr_61,globally_rigid,20,100,3,0.01,,,,,271.3224768280022,271.3224768280022,133,78,6,0,0.06157088279724121,0.4172649383544922,0,0,0,49,1,0.06444433332030906,false,none
gr_62,globally_rigid,20,100,3,0.01,,,,,270.4240175844699,270.4240175844699,133,79,6,0,0.03982400894165039,0.48217082023620605,0,0,0,59,0,0.03699248708264466,false,none
gr_63,globally_rigid,20,100,3,0.01,,,,,267.0706829745064,267.0706829745064,133,78,6,0,0.0635979175567627,0.6528990268707275,0,0,0,52,0,0.046812000523063384,false,none
gr_64,globally_rigid,20,100,3,0.01,,,,,250.7843974970905,250.7843974970905,133,78,6,0,0.06257390975952148,0.4615821838378906,0,0,0,59,0,0.07501285998118211,false,none
gr_65,globally_rigid,20,100,3,0.01,,,,,276.1853429409233,274.1972298605861,133,80,6,8,0.1559619903564453,0.6988739967346191,4,4,0,54,1,0.06245552736107644,false,none
gr_66,globally_rigid,20,100,3,0.01,,,,,270.159895560123,268.20569924973614,133,79,6,0,0.10213208198547363,0.4095950126647949,2,0,0,63,1,0.5384802819818997,false,none
gr_67,globally_rigid,20,100,3,0.01,,,,,245.73487493470307,242.0954277286868,133,78,6,8,0.1014869213104248,0.4007148742675781,6,4,0,61,0,0.05996152147011777,false,none
gr_68,globally_rigid,20,100,3,0.01,,,,,245.46515650954208,245.46515650954208,133,79,6,0,0.055702924728393555,0.3701498508453369,0,0,0,59,0,0.0755549100178481,false,none
gr_69,globally_rigid,20,100,3,0.01,,,,,257.72884651039556,256.8420135671283,133,78,6,4,0.11919283866882324,0.3912680149078369,2,2,0,54,1,0.08256670213090671,false,none
gr_70,globally_rigid,20,100,3,0.01,,,,,252.9188268125865,252.9188268125865,133,77,6,0,0.06018400192260742,0.41335511207580566,0,0,0,63,0,0.04127045834866536,false,none
gr_71,globally_rigid,100,100,3,0.01,,,,,1669.8303684398961,1667.8435632122091,693,478,6,8,0.18459701538085938,2.8275721073150635,4,4,0,361,0,0.0403631130809823,false,none
gr_72,globally_rigid,100,100,3,0.01,,,,,1673.1824233713817,1667.2195897485178,693,474,6,24,0.3667442798614502,2.8663289546966553,12,12,0,349,1,0.053531080009728595,false,none
gr_73,globally_rigid,100,100,3,0.01,,,,,1651.5362498312384,1649.546475250048,693,480,6,8,0.25406789779663086,2.9734678268432617,4,4,0,336,1,0.04825764000323589,false,none
gr_74,globally_rigid,100,100,3,0.01,,,,,1616.6777463167418,1616.6777463167418,693,476,6,0,0.11830615997314453,2.8318769931793213,0,0,0,355,0,0.04275427877119522,false,none
gr_75,globally_rigid,100,100,3,0.01,,,,,1756.3875045158131,1754.4004166256962,693,479,6,8,0.2548837661743164,3.1353132724761963,4,4,0,366,2,0.054035955454490386,false,none
gr_76,globally_rigid,100,100,3,0.01,,,,,1657.2419090394976,1657.2419090394976,693,476,6,0,0.10066890716552734,2.677809000015259,0,0,0,349,0,0.04922679310764519,false,none
gr_77,globally_rigid,100,100,3,0.01,,,,,1721.791344957535,1719.8022226416786,693,478,6,8,0.20887088775634766,3.0148770809173584,4,4,0,348,3,0.07102811149592998,false,none
gr_78,globally_rigid,100,100,3,0.01,,,,,1682.4183297098684,1682.4183297098684,693,477,6,0,0.12325286865234375,2.8788108825683594,0,0,0,367,1,0.05233274920287087,false,none
gr_79,globally_rigid,100,100,3,0.01,,,,,1654.048154816862,1650.146563916209,693,477,6,8,0.21845769882202148,3.002624034881592,6,4,0,360,2,0.05072768612188174,false,none
gr_80,globally_rigid,100,100,3,0.01,,,,,1617.1116655832018,1617.1116655832018,693,472,6,0,0.08461308479309082,2.793193817138672,0,0,0,329,0,0.05128289605578973,false,none
infeas_1,infeasible,20,100,0,0.0,,bounding_box,globally_rigid,0.75,260.93062795882395,219.06884423017968,57,54,5,93,0.00851297378540039,0.3459610939025879,46,46,0,12,0,0.0,false,none
infeas_2,infeasible,20,100,0,0.0,,bounding_box,globally_rigid,0.75,264.67499097320604,224.80976140978953,57,53,5,57,0.014816045761108398,0.4891219139099121,50,28,0,11,0,0.0,false,none
infeas_3,infeasible,20,100,0,0.0,,bounding_box,globally_rigid,0.75,268.9229451225331,210.78844534665834,57,52,5,107,0.00982809066772461,0.17338895797729492,71,57,3,5,0,0.0,false,none
infeas_4,infeasible,20,100,0,0.0,,bounding_box,globally_rigid,0.75,269.1567998373769,227.11627980517477,57,53,5,65,0.009714126586914062,0.5058729648590088,52,32,0,9,0,0.0,false,none
infeas_5,infeasible,20,100,0,0.0,,bounding_box,globally_rigid,0.75,261.0849138393039,220.448949720108,57,53,5,49,0.004539966583251953,0.5820679664611816,46,24,0,7,0,0.0,false,none
infeas_6,infeasible,20,100,0,0.0,,vertex_contraction,globally_rigid,0.75,313.12112494579554,311.12687846730665,57,52,7,3,0.036055803298950195,0.0,0,0,0,0,0,0.0,true,propagation
infeas_7,infeasible,20,100,0,0.0,,vertex_contraction,globally_rigid,0.75,317.84479252677613,315.85034669611724,57,53,7,3,0.03546595573425293,0.0,0,0,0,0,0,0.0,true,propagation
infeas_8,infeasible,20,100,0,0.0,,vertex_contraction,globally_rigid,0.75,303.3964998488272,228.471569053973,57,50,7,129,0.905383825302124,0.6513528823852539,101,73,7,27,0,0.22334903192046046,false,none
infeas_9,infeasible,20,100,0,0.0,,vertex_contraction,globally_rigid,0.75,316.87360432421144,256.8234543549106,57,49,7,93,0.9553868770599365,0.7247378826141357,84,54,6,42,0,0.2818608793246474,false,none
infeas_10,infeasible,20,100,0,0.0,,vertex_contraction,globally_rigid,0.75,319.19250679870856,317.1974181021612,57,52,7,3,0.046681880950927734,0.0,0,0,0,0,0,0.0,true,propagation
infeas_11,infeasible,100,100,0,0.0,,bounding_box,globally_rigid,0.75,1427.9407926831054,1187.6867635965912,297,294,5,485,0.3093430995941162,1.5662147998809814,305,243,1,66,0,0.0,false,none
infeas_12,infeasible,100,100,0,0.0,,bounding_box,globally_rigid,0.75,1424.4059417176773,1174.181185691143,297,294,5,605,0.3541440963745117,1.6761748790740967,308,306,4,53,0,0.0,false,none
infeas_13,infeasible,100,100,0,0.0,,bounding_box,globally_rigid,0.75,1419.1420359200517,1154.9027273837892,297,291,5,525,0.6806869506835938,1.8295230865478516,332,268,6,50,0,0.0,false,none
infeas_14,infeasible,100,100,0,0.0,,bounding_box,globally_rigid,0.75,1419.9804032997147,1165.4030856886725,297,294,5,633,0.7735340595245361,2.021390914916992,332,322,6,54,0,0.0,false,none
infeas_15,infeasible,100,100,0,0.0,,bounding_box,globally_rigid,0.75,1412.9094799264233,1140.2189572109362,297,288,5,405,0.31484413146972656,2.2982327938079834,331,207,5,45,0,0.0,false,none
infeas_16,infeasible,100,100,0,0.0,,vertex_contraction,globally_rigid,0.75,1724.262005061371,1722.2654096518331,297,293,7,3,0.0699160099029541,0.0,0,0,0,0,0,0.0,true,propagation
infeas_17,infeasible,100,100,0,0.0,,vertex_contraction,globally_rigid,0.75,1720.2343594941829,1718.2381585600135,297,291,7,3,0.06795191764831543,0.0,0,0,0,0,0,0.0,true,propagation
infeas_18,infeasible,100,100,0,0.0,,vertex_contraction,globally_rigid,0.75,1751.534372853687,1749.537785497588,297,292,7,3,0.06496906280517578,0.0,0,0,0,0,0,0.0,true,propagation
infeas_19,infeasible,100,100,0,0.0,,vertex_contraction,globally_rigid,0.75,1792.535441996125,1790.5388627316552,297,293,7,3,0.07168197631835938,0.0,0,0,0,0,0,0.0,true,propagation
infeas_20,infeasible,100,100,0,0.0,,vertex_contraction,globally_rigid,0.75,1737.8850544049474,1735.88883356735,297,290,7,3,0.06833696365356445,0.0,0,0,0,0,0,0.0,true,propagation
infeas_21,infeasible,20,100,3,0.0,,bounding_box,globally_rigid,0.75,225.0198179969661,225.0198179969661,95,95,6,6,0.0,0.0,0,0,0,0,0,0.0,false,none
infeas_22,infeasible,20,100,3,0.0,,bounding_box,globally_rigid,0.75,240.01891145119356,68.32071592425672,95,71,6,75,0.04404497146606445,0.0,182,33,2,0,0,0.0,true,propagation
infeas_23,infeasible,20,100,3,0.0,,bounding_box,globally_rigid,0.75,233.82413916463,233.82413916463,95,95,6,6,0.0,0.0,0,0,0,0,0,0.0,false,none
infeas_24,infeasible,20,100,3,0.0,,bounding_box,globally_rigid,0.75,234.40051359604803,234.40051359604803,95,95,6,6,0.0,0.0,0,0,0,0,0,0.0,false,none
infeas_25,infeasible,20,100,3,0.0,,bounding_box,globally_rigid,0.75,235.4613491197499,235.4613491197499,95,95,6,6,0.0,0.0,0,0,0,0,0,0.0,false,none
infeas_26,infeasible,20,100,3,0.0,,vertex_contraction,globally_rigid,0.75,257.89332959509056,257.89332959509056,95,78,8,2,0.034184932708740234,0.0,0,0,0,0,0,0.0,true,propagation
infeas_27,infeasible,20,100,3,0.0,,vertex_contraction,globally_rigid,0.75,250.48587364956705,250.48587364956705,95,77,8,2,0.03360390663146973,0.0,0,0,0,0,0,0.0,true,propagation
infeas_28,infeasible,20,100,3,0.0,,vertex_contraction,globally_rigid,0.75,253.59828825986511,235.06708196826997,95,42,8,0,0.0,0.0,0,0,0,0,0,0.0,false,none
infeas_29,infeasible,20,100,3,0.0,,vertex_contraction,globally_rigid,0.75,260.1158001792195,260.1158001792195,95,89,8,14,0.0,0.0,0,0,0,0,0,0.0,false,none
infeas_30,infeasible,20,100,3,0.0,,vertex_contraction,globally_rigid,0.75,265.5951579073218,231.5944333137646,95,80,8,2,0.06644320487976074,0.0,34,0,0,0,0,0.0,true,propagation
infeas_31,infeasible,100,100,3,0.0,,bounding_box,globally_rigid,0.75,1368.1000662937972,1122.3083851231668,495,478,6,386,0.5887939929962158,2.39034104347229,314,197,4,162,0,0.026726726726726727,false,none
infeas_32,infeasible,100,100,3,0.0,,bounding_box,globally_rigid,0.75,1357.733399705516,1357.733399705516,495,495,6,6,0.0,0.0,0,0,0,0,0,0.0,false,none
infeas_33,infeasible,100,100,3,0.0,,bounding_box,globally_rigid,0.75,1377.0457201649017,1377.0457201649017,495,495,6,6,0.0,0.0,0,0,0,0,0,0.0,false,none
infeas_34,infeasible,100,100,3,0.0,,bounding_box,globally_rigid,0.75,1375.5849803589895,1375.5849803589895,495,495,6,6,0.0,0.0,0,0,0,0,0,0.0,false,none
infeas_35,infeasible,100,100,3,0.0,,bounding_box,globally_rigid,0.75,1381.9467239308487,1381.9467239308487,495,495,6,6,0.0,0.0,0,0,0,0,0,0.0,false,none
infeas_36,infeasible,100,100,3,0.0,,vertex_contraction,globally_rigid,0.75,1654.421637679987,1654.421637679987,495,480,8,2,0.07938885688781738,0.0,0,0,0,0,0,0.0,true,propagation
infeas_37,infeasible,100,100,3,0.0,,vertex_contraction,globally_rigid,0.75,1641.0289622163912,1641.0289622163912,495,472,8,2,0.07561612129211426,0.0,0,0,0,0,0,0.0,true,propagation
infeas_38,infeasible,100,100,3,0.0,,vertex_contraction,globally_rigid,0.75,1643.9036685948297,1643.9036685948297,495,479,8,2,0.08990979194641113,0.0,0,0,0,0,0,0.0,true,propagation
infeas_39,infeasible,100,100,3,0.0,,vertex_contraction,globally_rigid,0.75,1604.8605523150425,1341.1044756541905,495,474,8,500,1.5392999649047852,2.936356782913208,330,267,10,169,0,0.1393940924779379,false,none
infeas_40,infeasible,100,100,3,0.0,,vertex_contraction,globally_rigid,0.75,1648.206620871443,1631.7779826298417,495,469,8,0,0.13468599319458008,0.0,0,0,0,0,0,0.0,true,propagation
infeas_41,infeasible,20,100,0,0.01,,bounding_box,globally_rigid,0.75,266.7929691404255,263.53257789281855,95,53,5,1,0.0035398006439208984,0.49730920791625977,0,0,0,43,0,0.06037329291591431,false,none
infeas_42,infeasible,20,100,0,0.01,,bounding_box,globally_rigid,0.75,268.21472753892823,265.9174232310097,95,52,5,1,0.0006778240203857422,0.5344040393829346,0,0,0,41,0,0.030142971806268983,false,none
infeas_43,infeasible,20,100,0,0.01,,bounding_box,globally_rigid,0.75,263.30276962987415,260.32062019065677,95,52,5,9,0.0014929771423339844,0.5890400409698486,4,4,0,42,0,0.03521117016632449,false,none
infeas_44,infeasible,20,100,0,0.01,,bounding_box,globally_rigid,0.75,267.93885223342875,262.9062110070995,95,54,5,1,0.0007481575012207031,0.5326659679412842,0,0,0,43,0,0.02227386772989244,false,none
infeas_45,infeasible,20,100,0,0.01,,bounding_box,globally_rigid,0.75,262.65009927923126,255.08201428840977,95,52,5,25,0.003823995590209961,0.6147899627685547,12,12,0,37,1,0.07614964133852663,false,none
infeas_46,infeasible,20,100,0,0.01,,vertex_contraction,globally_rigid,0.75,290.49246024855194,274.0358509323713,95,49,7,49,0.6446199417114258,0.5571579933166504,32,32,4,35,0,0.036972100313396754,false,none
infeas_47,infeasible,20,100,0,0.01,,vertex_contraction,globally_rigid,0.75,326.1455220368967,309.08303402202404,95,52,7,37,1.2317590713500977,0.7446639537811279,36,36,4,36,0,0.05045117423240561,false,none
infeas_48,infeasible,20,100,0,0.01,,vertex_contraction,globally_rigid,0.75,308.9825113939887,291.2246488465434,95,50,7,57,0.6933221817016602,0.4247288703918457,36,36,4,34,0,0.03637802583639781,false,none
infeas_49,infeasible,20,100,0,0.01,,vertex_contraction,globally_rigid,0.75,294.65234664958604,274.8027972621917,95,47,7,9,0.08136987686157227,0.5415630340576172,4,4,0,37,0,0.04302167255207731,false,none
infeas_50,infeasible,20,100,0,0.01,,vertex_contraction,globally_rigid,0.75,295.5931814799023,278.5415340979048,95,50,7,53,0.667698860168457,0.41584205627441406,36,36,4,34,0,0.0952231367042411,false,none
infeas_51,infeasible,100,100,0,0.01,,bounding_box,globally_rigid,0.75,1416.9226822684243,1411.2813114491337,495,291,5,9,0.032360076904296875,3.037775993347168,4,4,0,236,1,0.0696914996453968,false,none
infeas_52,infeasible,100,100,0,0.01,,bounding_box,globally_rigid,0.75,1421.9202476249586,1414.0640549189047,495,292,5,25,0.2818284034729004,2.97365403175354,12,12,0,229,1,0.05068380860056363,false,none
infeas_53,infeasible,100,100,0,0.01,,bounding_box,globally_rigid,0.75,1428.0164012314713,1423.1112763166375,495,292,5,9,0.015693187713623047,3.0276007652282715,4,4,0,242,0,0.03846793595666928,false,none
infeas_54,infeasible,100,100,0,0.01,,bounding_box,globally_rigid,0.75,1414.474963574754,1407.2501255860834,495,289,5,13,0.04178309440612793,3.078336000442505,6,6,0,240,0,0.05367317108575762,false,none
infeas_55,infeasible,100,100,0,0.01,,bounding_box,globally_rigid,0.75,1422.51599330075,1415.6568151932665,495,294,5,25,0.07705283164978027,2.7199971675872803,12,12,0,220,1,0.061863040436037464,false,none
infeas_56,infeasible,100,100,0,0.01,,vertex_contraction,globally_rigid,0.75,1738.1900660922302,1713.2830812550949,495,290,7,81,0.8510589599609375,3.1105399131774902,48,48,6,252,1,0.05996872959761307,false,none
infeas_57,infeasible,100,100,0,0.01,,vertex_contraction,globally_rigid,0.75,1694.6878874572594,1668.2854662285645,495,288,7,89,1.1968200206756592,3.115518808364868,52,52,6,230,1,0.057435119545867025,false,none
infeas_58,infeasible,100,100,0,0.01,,vertex_contraction,globally_rigid,0.75,1793.7630211888631,1772.1199369788587,495,291,7,73,0.9549939632415771,3.089694023132324,44,44,4,221,2,0.04602770310797498,false,none
infeas_59,infeasible,100,100,0,0.01,,vertex_contraction,globally_rigid,0.75,1763.4753048571336,1743.0279033838713,495,290,7,57,0.9992177486419678,2.7989680767059326,42,42,4,207,2,0.04964489426370696,false,none
infeas_60,infeasible,100,100,0,0.01,,vertex_contraction,globally_rigid,0.75,1773.4103359407297,1747.8135906194038,495,289,7,89,1.6459698677062988,3.041912078857422,52,52,4,227,4,0.06177834918520324,false,none
infeas_61,infeasible,20,100,3,0.01,,bounding_box,globally_rigid,0.75,235.04961666098262,235.04961666098262,133,133,6,6,0.0,0.0,0,0,0,0,0,0.0,false,none
infeas_62,infeasible,20,100,3,0.01,,bounding_box,globally_rigid,0.75,227.51726228574734,227.51726228574734,133,133,6,6,0.0,0.0,0,0,0,0,0,0.0,false,none
infeas_63,infeasible,20,100,3,0.01,,bounding_box,globally_rigid,0.75,212.4069779049991,212.4069779049991,133,133,6,6,0.0,0.0,0,0,0,0,0,0.0,false,none
infeas_64,infeasible,20,100,3,0.01,,bounding_box,globally_rigid,0.75,223.70589191980812,223.70589191980812,133,133,6,6,0.0,0.0,0,0,0,0,0,0.0,false,none
infeas_65,infeasible,20,100,3,0.01,,bounding_box,globally_rigid,0.75,237.26912469175727,235.3549206086327,133,80,6,8,0.0034880638122558594,0.7253620624542236,4,4,0,54,1,0.06245552736107644,false,none
infeas_66,infeasible,20,100,3,0.01,,vertex_contraction,globally_rigid,0.75,270.159895560123,253.3764569225162,133,76,8,54,1.3905160427093506,0.3658287525177002,40,38,5,61,1,0.549182719608934,false,none
infeas_67,infeasible,20,100,3,0.01,,vertex_contraction,globally_rigid,0.75,245.73487493470307,228.44149912512597,133,75,8,62,0.8270859718322754,0.4018888473510742,42,40,4,52,0,0.05244105729074932,false,none
infeas_68,infeasible,20,100,3,0.01,,vertex_contraction,globally_rigid,0.75,245.46515650954208,245.46515650954208,133,125,8,16,0.0,0.0,0,0,0,0,0,0.0,false,none
infeas_69,infeasible,20,100,3,0.01,,vertex_contraction,globally_rigid,0.75,257.72884651039556,243.48441454280027,133,75,8,50,1.1403472423553467,0.6016640663146973,38,38,5,51,1,0.07938645864557796,false,none
infeas_70,infeasible,20,100,3,0.01,,vertex_contraction,globally_rigid,0.75,252.9188268125865,236.86120138321996,133,74,8,56,0.7463328838348389,0.4416959285736084,36,36,6,74,0,0.08086016717655332,false,none
infeas_71,infeasible,100,100,3,0.01,,bounding_box,globally_rigid,0.75,1381.1537675095278,1381.1537675095278,693,693,6,6,0.0,0.0,0,0,0,0,0,0.0,false,none
infeas_72,infeasible,100,100,3,0.01,,bounding_box,globally_rigid,0.75,1385.4908034366908,1385.4908034366908,693,693,6,6,0.0,0.0,0,0,0,0,0,0.0,false,none
infeas_73,infeasible,100,100,3,0.01,,bounding_box,globally_rigid,0.75,1385.5027287130297,1383.542121692345,693,480,6,8,0.0867300033569336,2.9922821521759033,4,4,0,336,1,0.04825764000323589,false,none
infeas_74,infeasible,100,100,3,0.01,,bounding_box,globally_rigid,0.75,1370.844223940791,1370.844223940791,693,693,6,6,0.0,0.0,0,0,0,0,0,0.0,false,none
infeas_75,infeasible,100,100,3,0.01,,bounding_box,globally_rigid,0.75,1398.4808887680645,1398.4808887680645,693,693,6,6,0.0,0.0,0,0,0,0,0,0.0,false,none
infeas_76,infeasible,100,100,3,0.01,,vertex_contraction,globally_rigid,0.75,1657.2419090394976,1640.7792213384935,693,473,8,60,0.8879790306091309,2.6750619411468506,40,40,7,361,0,0.06585619806393554,false,none
infeas_77,infeasible,100,100,3,0.01,,vertex_contraction,globally_rigid,0.75,1721.791344957535,1704.7637180212,693,475,8,68,1.0428447723388672,3.034243106842041,40,40,4,338,3,0.068617395997232,false,none
infeas_78,infeasible,100,100,3,0.01,,vertex_contraction,globally_rigid,0.75,1682.4183297098684,1664.8948548982823,693,474,8,60,1.1827030181884766,2.8122708797454834,40,40,4,356,1,0.05094499814420165,false,none
infeas_79,infeasible,100,100,3,0.01,,vertex_contraction,globally_rigid,0.75,1654.048154816862,1633.400239999637,693,474,8,60,1.1732890605926514,2.957914113998413,46,44,8,381,2,0.12295001776230297,false,none
infeas_80,infeasible,100,100,3,0.01,,vertex_contraction,globally_rigid,0.75,1617.1116655832018,1601.609552728621,693,469,8,52,1.1996550559997559,2.588479995727539,36,36,5,328,0,0.05602039228861964,false,none
