type,n,R,num_anchors,alpha,edge_density,infeas_strategy,infeas_base,box_scale,num_instances,log_domain_sum_orig,log_domain_sum_ps,relative_log_domain_reduction_percent,num_quadratic_constraints_orig,num_quadratic_constraints_ps,num_linear_constraints_orig,num_linear_constraints_ps,parity_presolve_time,residue_presolve_time,num_parity_substitutions,num_pattern_substitutions,num_variables_fixed,num_constraints_tightened,num_constraints_eq_tightened,avg_relative_bound_tightening_percent,infeasibility_detected_count,infeasibility_source_elimination_count,infeasibility_source_propagation_count,infeasibility_source_residue_count
2_connected,20,100,0,0.0,0.2,,,,10,296.146,230.254,22.25,73.0,66.5,5.0,111.4,0.683,0.787,80.1,58.5,2.3,5.4,0.0,0.0,0,0,0,0
2_connected,100,100,0,0.0,0.1,,,,10,1533.311,1075.394,29.865,684.0,669.8,5.0,744.1,2.357,1.832,530.7,396.2,24.5,34.9,0.0,0.0,0,0,0,0
2_connected,20,100,3,0.0,0.2,,,,10,247.471,21.359,91.369,111.0,11.3,6.0,1.2,0.707,0.024,230.1,22.8,35.5,3.3,0.0,0.783,0,0,0,0
2_connected,100,100,3,0.0,0.1,,,,10,1393.089,3.825,99.725,882.0,3.2,6.0,0.0,1.297,0.0,1372.4,137.3,209.7,0.6,0.0,0.0,0,0,0,0
2_connected,20,100,0,0.01,0.2,,,,10,303.352,300.89,0.811,127.0,66.7,5.0,2.2,0.06,0.725,0.8,0.6,0.0,56.1,0.4,4.412,0,0,0,0
2_connected,100,100,0,0.01,0.1,,,,10,1557.193,1548.464,0.561,1269.0,669.4,5.0,29.0,0.439,9.288,14.0,14.0,0.0,556.4,3.4,4.963,0,0,0,0
2_connected,20,100,3,0.01,0.2,,,,10,249.212,248.576,0.255,165.0,89.1,6.0,2.4,0.085,0.578,1.4,1.2,0.0,68.6,0.1,4.649,0,0,0,0
2_connected,100,100,3,0.01,0.1,,,,10,1414.181,1405.476,0.616,1467.0,838.7,6.0,35.4,0.629,8.362,18.0,17.8,0.1,650.9,2.8,5.338,0,0,0,0
laman,20,100,0,0.0,,,,,10,301.841,252.089,16.483,56.0,50.7,5.0,88.2,0.307,0.414,62.4,44.4,0.8,6.6,0.0,0.0,0,0,0,0
laman,100,100,0,0.0,,,,,10,1713.783,1431.862,16.45,296.0,288.7,5.0,488.2,0.843,2.213,348.5,257.5,12.0,49.4,0.0,0.0,0,0,0,0
laman,20,100,3,0.0,,,,,10,264.836,146.087,44.839,94.0,56.6,6.0,46.7,0.678,0.438,143.5,68.8,25.9,18.1,0.0,0.745,0,0,0,0
laman,100,100,3,0.0,,,,,10,1661.591,1202.073,27.655,494.0,452.1,6.0,382.8,1.569,2.513,554.6,318.0,52.8,136.4,0.0,5.059,0,0,0,0
laman,20,100,0,0.01,,,,,10,306.288,303.734,0.834,93.0,51.2,5.0,1.8,0.048,0.484,0.8,0.4,0.0,41.3,0.3,6.081,0,0,0,0
laman,100,100,0,0.01,,,,,10,1718.823,1714.07,0.277,493.0,288.1,5.0,12.2,0.158,2.901,5.6,5.6,0.0,225.6,1.4,5.083,0,0,0,0
laman,20,100,3,0.01,,,,,10,258.178,257.787,0.151,131.0,77.4,6.0,1.6,0.072,0.372,0.8,0.8,0.0,57.2,0.1,4.943,0,0,0,0
laman,100,100,3,0.01,,,,,10,1656.243,1654.586,0.1,691.0,476.7,6.0,6.8,0.194,2.887,3.4,3.4,0.0,353.7,1.0,5.448,0,0,0,0
globally_rigid,20,100,0,0.0,,,,,10,311.177,262.265,15.718,57.0,52.3,5.0,78.0,0.277,0.479,59.0,39.7,1.0,8.2,0.0,0.0,0,0,0,0
globally_rigid,100,100,0,0.0,,,,,10,1745.283,1474.871,15.494,297.0,292.0,5.0,519.6,0.898,2.334,334.0,265.5,6.0,52.2,0.0,0.0,0,0,0,0
globally_rigid,20,100,3,0.0,,,,,10,261.244,156.851,39.96,95.0,62.1,6.0,38.7,0.591,0.255,119.6,44.2,16.6,23.8,0.0,1.882,0,0,0,0
globally_rigid,100,100,3,0.0,,,,,10,1642.637,1292.85,21.294,495.0,475.0,6.0,383.2,1.025,2.367,415.8,213.5,15.0,136.4,0.0,3.857,0,0,0,0
globally_rigid,20,100,0,0.01,,,,,10,306.554,303.576,0.971,95.0,52.0,5.0,5.0,0.072,0.511,2.0,2.0,0.0,41.0,0.2,5.004,0,0,0,0
globally_rigid,100,100,0,0.01,,,,,10,1748.571,1742.759,0.332,495.0,291.1,5.0,16.2,0.214,2.994,7.6,7.6,0.0,230.2,1.3,5.12,0,0,0,0
globally_rigid,20,100,3,0.01,,,,,10,260.779,259.933,0.325,133.0,78.4,6.0,2.0,0.082,0.47,1.4,1.0,0.0,57.3,0.4,10.836,0,0,0,0
globally_rigid,100,100,3,0.01,,,,,10,1670.023,1668.241,0.107,693.0,476.7,6.0,6.4,0.191,2.9,3.4,3.2,0.0,352.0,1.0,5.135,0,0,0,0
infeasible,20,100,0,0.0,,bounding_box,globally_rigid,0.75,5,264.954,220.446,16.798,57.0,53.0,5.0,74.2,0.009,0.419,53.0,37.4,0.6,8.8,0.0,0.0,0,0,0,0
infeasible,20,100,0,0.0,,vertex_contraction,globally_rigid,0.75,5,314.086,285.894,8.976,57.0,51.2,7.0,46.2,0.396,0.275,37.0,25.4,2.6,13.8,0.0,10.104,3,0,3,0
infeasible,100,100,0,0.0,,bounding_box,globally_rigid,0.75,5,1420.876,1164.479,18.045,297.0,292.2,5.0,530.6,0.487,1.878,321.6,269.2,4.4,53.6,0.0,0.0,0,0,0,0
infeasible,100,100,0,0.0,,vertex_contraction,globally_rigid,0.75,5,1745.29,1743.294,0.114,297.0,291.8,7.0,3.0,0.069,0.0,0.0,0.0,0.0,0.0,0.0,0.0,5,0,5,0
infeasible,20,100,3,0.0,,bounding_box,globally_rigid,0.75,5,233.745,199.405,14.691,95.0,90.2,6.0,19.8,0.009,0.0,36.4,6.6,0.4,0.0,0.0,0.0,1,0,1,0
infeasible,20,100,3,0.0,,vertex_contraction,globally_rigid,0.75,5,257.538,247.031,4.08,95.0,73.2,8.0,4.0,0.027,0.0,6.8,0.0,0.0,0.0,0.0,0.0,3,0,3,0
infeasible,100,100,3,0.0,,bounding_box,globally_rigid,0.75,5,1372.082,1322.924,3.583,495.0,491.6,6.0,82.0,0.118,0.478,62.8,39.4,0.8,32.4,0.0,0.535,0,0,0,0
infeasible,100,100,3,0.0,,vertex_contraction,globally_rigid,0.75,5,1638.484,1582.447,3.42,495.0,474.8,8.0,101.2,0.384,0.587,66.0,53.4,2.0,33.8,0.0,2.788,4,0,4,0
infeasible,20,100,0,0.01,,bounding_box,globally_rigid,0.75,5,265.78,261.552,1.591,95.0,52.6,5.0,7.4,0.002,0.554,3.2,3.2,0.0,41.2,0.2,4.483,0,0,0,0
infeasible,20,100,0,0.01,,vertex_contraction,globally_rigid,0.75,5,303.173,285.538,5.817,95.0,49.6,7.0,41.0,0.664,0.537,28.8,28.8,3.2,35.2,0.0,5.241,0,0,0,0
infeasible,100,100,0,0.01,,bounding_box,globally_rigid,0.75,5,1420.77,1414.273,0.457,495.0,291.6,5.0,16.2,0.09,2.967,7.6,7.6,0.0,233.4,0.6,5.488,0,0,0,0
infeasible,100,100,0,0.01,,vertex_contraction,globally_rigid,0.75,5,1752.705,1728.906,1.358,495.0,289.6,7.0,77.8,1.13,3.031,47.6,47.6,4.8,227.4,2.0,5.497,0,0,0,0
infeasible,20,100,3,0.01,,bounding_box,globally_rigid,0.75,5,227.19,226.807,0.169,133.0,122.4,6.0,6.4,0.001,0.145,0.8,0.8,0.0,10.8,0.2,1.249,0,0,0,0
infeasible,20,100,3,0.01,,vertex_contraction,globally_rigid,0.75,5,254.402,241.526,5.061,133.0,85.0,8.0,47.6,0.821,0.362,31.2,30.4,4.0,47.6,0.4,15.237,0,0,0,0
infeasible,100,100,3,0.01,,bounding_box,globally_rigid,0.75,5,1384.294,1383.902,0.028,693.0,650.4,6.0,6.4,0.017,0.598,0.8,0.8,0.0,67.2,0.2,0.965,0,0,0,0
infeasible,100,100,3,0.01,,vertex_contraction,globally_rigid,0.75,5,1666.522,1649.09,1.046,693.0,473.0,8.0,60.0,1.097,2.814,40.4,40.0,5.6,352.8,1.2,7.288,0,0,0,0
