strategy,max_modulus,modulus_order,modulus,num_moduli,processed_constraints,improved_constraints,avg_relative_bound_tightening,strategy_time_sec,infeasibilities,modulus_evaluated_constraints,modulus_bound_tightened_constraints,modulus_lower_bound_tightenings,modulus_upper_bound_tightenings,modulus_infeasibilities
all_2_M,64,1,64,33,959,239,0.09750621285088425,5.251436948776245,0,959,160,120,120,0
all_2_M,64,2,63,33,959,239,0.09750621285088425,5.251436948776245,0,959,116,76,80,0
all_2_M,64,3,62,33,959,239,0.09750621285088425,5.251436948776245,0,959,37,26,23,0
all_2_M,64,4,61,33,959,239,0.09750621285088425,5.251436948776245,0,959,49,34,23,0
all_2_M,64,5,60,33,959,239,0.09750621285088425,5.251436948776245,0,959,30,16,19,0
all_2_M,64,6,59,33,959,239,0.09750621285088425,5.251436948776245,0,959,27,17,11,0
all_2_M,64,7,58,33,959,239,0.09750621285088425,5.251436948776245,0,959,17,10,8,0
all_2_M,64,8,57,33,959,239,0.09750621285088425,5.251436948776245,0,959,21,10,11,0
all_2_M,64,9,56,33,959,239,0.09750621285088425,5.251436948776245,0,959,10,6,5,0
all_2_M,64,10,55,33,959,239,0.09750621285088425,5.251436948776245,0,959,13,4,9,0
all_2_M,64,11,54,33,959,239,0.09750621285088425,5.251436948776245,0,959,8,5,3,0
all_2_M,64,12,53,33,959,239,0.09750621285088425,5.251436948776245,0,959,13,4,9,0
all_2_M,64,13,52,33,959,239,0.09750621285088425,5.251436948776245,0,959,6,4,4,0
all_2_M,64,14,51,33,959,239,0.09750621285088425,5.251436948776245,0,959,10,5,5,0
all_2_M,64,15,50,33,959,239,0.09750621285088425,5.251436948776245,0,959,7,6,4,0
all_2_M,64,16,49,33,959,239,0.09750621285088425,5.251436948776245,0,959,7,4,5,0
all_2_M,64,17,48,33,959,239,0.09750621285088425,5.251436948776245,0,959,3,1,2,0
all_2_M,64,18,47,33,959,239,0.09750621285088425,5.251436948776245,0,959,1,1,0,0
all_2_M,64,19,46,33,959,239,0.09750621285088425,5.251436948776245,0,959,3,2,2,0
all_2_M,64,20,45,33,959,239,0.09750621285088425,5.251436948776245,0,959,7,3,4,0
all_2_M,64,21,44,33,959,239,0.09750621285088425,5.251436948776245,0,959,0,0,0,0
all_2_M,64,22,43,33,959,239,0.09750621285088425,5.251436948776245,0,959,7,5,5,0
all_2_M,64,23,42,33,959,239,0.09750621285088425,5.251436948776245,0,959,0,0,0,0
all_2_M,64,24,41,33,959,239,0.09750621285088425,5.251436948776245,0,959,3,2,2,0
all_2_M,64,25,40,33,959,239,0.09750621285088425,5.251436948776245,0,959,2,2,0,0
all_2_M,64,26,39,33,959,239,0.09750621285088425,5.251436948776245,0,959,1,1,0,0
all_2_M,64,27,38,33,959,239,0.09750621285088425,5.251436948776245,0,959,0,0,0,0
all_2_M,64,28,37,33,959,239,0.09750621285088425,5.251436948776245,0,959,4,3,3,0
all_2_M,64,29,36,33,959,239,0.09750621285088425,5.251436948776245,0,959,0,0,0,0
all_2_M,64,30,35,33,959,239,0.09750621285088425,5.251436948776245,0,959,2,2,0,0
all_2_M,64,31,34,33,959,239,0.09750621285088425,5.251436948776245,0,959,0,0,0,0
all_2_M,64,32,33,33,959,239,0.09750621285088425,5.251436948776245,0,959,2,0,2,0
all_2_M,64,33,32,33,959,239,0.09750621285088425,5.251436948776245,0,959,0,0,0,0
primes_2_M,64,1,2,18,959,210,0.07850836128150332,1.3194935321807861,0,959,54,39,36,0
primes_2_M,64,2,3,18,959,210,0.07850836128150332,1.3194935321807861,0,959,42,27,24,0
primes_2_M,64,3,5,18,959,210,0.07850836128150332,1.3194935321807861,0,959,35,18,25,0
primes_2_M,64,4,7,18,959,210,0.07850836128150332,1.3194935321807861,0,959,45,26,32,0
primes_2_M,64,5,11,18,959,210,0.07850836128150332,1.3194935321807861,0,959,18,14,13,0
primes_2_M,64,6,13,18,959,210,0.07850836128150332,1.3194935321807861,0,959,27,11,21,0
primes_2_M,64,7,17,18,959,210,0.07850836128150332,1.3194935321807861,0,959,21,13,13,0
primes_2_M,64,8,19,18,959,210,0.07850836128150332,1.3194935321807861,0,959,23,16,12,0
primes_2_M,64,9,23,18,959,210,0.07850836128150332,1.3194935321807861,0,959,22,15,14,0
primes_2_M,64,10,29,18,959,210,0.07850836128150332,1.3194935321807861,0,959,28,20,12,0
primes_2_M,64,11,31,18,959,210,0.07850836128150332,1.3194935321807861,0,959,29,17,17,0
primes_2_M,64,12,37,18,959,210,0.07850836128150332,1.3194935321807861,0,959,23,14,13,0
primes_2_M,64,13,41,18,959,210,0.07850836128150332,1.3194935321807861,0,959,32,18,16,0
primes_2_M,64,14,43,18,959,210,0.07850836128150332,1.3194935321807861,0,959,29,17,18,0
primes_2_M,64,15,47,18,959,210,0.07850836128150332,1.3194935321807861,0,959,24,16,11,0
primes_2_M,64,16,53,18,959,210,0.07850836128150332,1.3194935321807861,0,959,25,15,11,0
primes_2_M,64,17,59,18,959,210,0.07850836128150332,1.3194935321807861,0,959,29,19,12,0
primes_2_M,64,18,61,18,959,210,0.07850836128150332,1.3194935321807861,0,959,29,12,17,0
prime_powers_2_M,64,1,2,27,959,230,0.0889628750865073,2.174800157546997,0,959,54,39,36,0
prime_powers_2_M,64,2,3,27,959,230,0.0889628750865073,2.174800157546997,0,959,42,27,24,0
prime_powers_2_M,64,3,4,27,959,230,0.0889628750865073,2.174800157546997,0,959,42,23,31,0
prime_powers_2_M,64,4,5,27,959,230,0.0889628750865073,2.174800157546997,0,959,27,14,20,0
prime_powers_2_M,64,5,7,27,959,230,0.0889628750865073,2.174800157546997,0,959,37,22,26,0
prime_powers_2_M,64,6,8,27,959,230,0.0889628750865073,2.174800157546997,0,959,20,15,10,0
prime_powers_2_M,64,7,9,27,959,230,0.0889628750865073,2.174800157546997,0,959,35,23,17,0
prime_powers_2_M,64,8,11,27,959,230,0.0889628750865073,2.174800157546997,0,959,18,11,12,0
prime_powers_2_M,64,9,13,27,959,230,0.0889628750865073,2.174800157546997,0,959,17,10,12,0
prime_powers_2_M,64,10,16,27,959,230,0.0889628750865073,2.174800157546997,0,959,16,9,11,0
prime_powers_2_M,64,11,17,27,959,230,0.0889628750865073,2.174800157546997,0,959,19,11,10,0
prime_powers_2_M,64,12,19,27,959,230,0.0889628750865073,2.174800157546997,0,959,21,12,12,0
prime_powers_2_M,64,13,23,27,959,230,0.0889628750865073,2.174800157546997,0,959,19,14,8,0
prime_powers_2_M,64,14,25,27,959,230,0.0889628750865073,2.174800157546997,0,959,20,13,11,0
prime_powers_2_M,64,15,27,27,959,230,0.0889628750865073,2.174800157546997,0,959,15,9,7,0
prime_powers_2_M,64,16,29,27,959,230,0.0889628750865073,2.174800157546997,0,959,20,16,8,0
prime_powers_2_M,64,17,31,27,959,230,0.0889628750865073,2.174800157546997,0,959,22,16,12,0
prime_powers_2_M,64,18,32,27,959,230,0.0889628750865073,2.174800157546997,0,959,11,6,7,0
prime_powers_2_M,64,19,37,27,959,230,0.0889628750865073,2.174800157546997,0,959,24,14,13,0
prime_powers_2_M,64,20,41,27,959,230,0.0889628750865073,2.174800157546997,0,959,20,13,7,0
prime_powers_2_M,64,21,43,27,959,230,0.0889628750865073,2.174800157546997,0,959,27,16,17,0
prime_powers_2_M,64,22,47,27,959,230,0.0889628750865073,2.174800157546997,0,959,23,13,12,0
prime_powers_2_M,64,23,49,27,959,230,0.0889628750865073,2.174800157546997,0,959,26,14,14,0
prime_powers_2_M,64,24,53,27,959,230,0.0889628750865073,2.174800157546997,0,959,18,9,9,0
prime_powers_2_M,64,25,59,27,959,230,0.0889628750865073,2.174800157546997,0,959,12,5,7,0
prime_powers_2_M,64,26,61,27,959,230,0.0889628750865073,2.174800157546997,0,959,15,6,9,0
prime_powers_2_M,64,27,64,27,959,230,0.0889628750865073,2.174800157546997,0,959,7,2,5,0
