instance_name,type,domain_reduction_iso,bound_tightening_iso,domain_reduction_comb,bound_tightening_comb,domain_reduction_scip,bound_tightening_scip,domain_reduction_full,bound_tightening_full,status_parity,status_residue,status_comb,status_scip,status_full,scip_only_full_wall_time_sec,scip_only_status,parity_residue_scip_full_wall_time_sec,parity_residue_scip_status
embedding_exact_anchored_2con_001,embedding_exact_anchored_2con,0.18462054849488133,0.1721311475409836,0.18462054849488133,0.1721311475409836,-2.1996483157313453e-16,0.22131147540983606,0.08817523240306299,0.29508196721311475,reduced,reduced,reduced,reduced,reduced,8.230463938,SCIP_STATUS_OPTIMAL,120.251037818,SCIP_STATUS_OPTIMAL
embedding_exact_anchored_2con_002,embedding_exact_anchored_2con,0.19513953968040637,0.18032786885245902,0.19513953968040637,0.18032786885245902,0.04375333684466547,0.2786885245901639,0.20288401995451677,0.3524590163934426,reduced,reduced,reduced,reduced,reduced,1802.464435182,SCIP_STATUS_TIMELIMIT,125.71393254,SCIP_STATUS_OPTIMAL
embedding_exact_anchored_2con_003,embedding_exact_anchored_2con,0.24025757355643793,0.18032786885245902,0.24025757355643793,0.18032786885245902,-4.327312891154043e-16,0.14754098360655737,0.6167655628366666,0.6639344262295082,reduced,reduced,reduced,reduced,reduced,1201.896394838,SCIP_STATUS_OPTIMAL,6.169344094,SCIP_STATUS_OPTIMAL
embedding_exact_anchored_2con_004,embedding_exact_anchored_2con,0.2073026952513375,0.19672131147540983,0.2073026952513375,0.19672131147540983,0.0007338814527406096,0.36885245901639346,0.17198673272087694,0.4426229508196721,reduced,reduced,reduced,reduced,reduced,1802.704249799,SCIP_STATUS_TIMELIMIT,1802.364957729,SCIP_STATUS_TIMELIMIT
embedding_exact_anchored_2con_005,embedding_exact_anchored_2con,0.25465204027316535,0.1721311475409836,0.25465204027316535,0.19672131147540983,0.012855867680140664,0.20491803278688525,0.28924450553231607,0.4672131147540984,reduced,reduced,reduced,reduced,reduced,1802.663288837,SCIP_STATUS_TIMELIMIT,1802.480419805,SCIP_STATUS_TIMELIMIT
embedding_exact_anchored_2con_006,embedding_exact_anchored_2con,0.2173103415801548,0.16393442622950818,0.2173103415801548,0.16393442622950818,-2.1145497124477208e-16,0.20491803278688525,0.14253452439566353,0.26229508196721313,reduced,reduced,reduced,reduced,reduced,1802.38824729,SCIP_STATUS_TIMELIMIT,519.852520367,SCIP_STATUS_OPTIMAL
embedding_exact_anchored_2con_007,embedding_exact_anchored_2con,0.20464368981586264,0.1721311475409836,0.20464368981586264,0.1721311475409836,-2.1601865782153692e-16,0.22950819672131148,0.18357068236935548,0.30327868852459017,reduced,reduced,reduced,reduced,reduced,1299.449817605,SCIP_STATUS_OPTIMAL,27.008942698,SCIP_STATUS_OPTIMAL
embedding_exact_anchored_2con_008,embedding_exact_anchored_2con,0.1864278609044718,0.18032786885245902,0.1864278609044718,0.20491803278688525,0.05871491931603833,0.19672131147540983,0.20341078416884317,0.2459016393442623,reduced,reduced,reduced,reduced,reduced,1802.692727117,SCIP_STATUS_TIMELIMIT,53.366780224,SCIP_STATUS_OPTIMAL
embedding_exact_anchored_2con_009,embedding_exact_anchored_2con,0.19397228959579166,0.1721311475409836,0.19397228959579166,0.19672131147540983,0.012977624236276184,0.2540983606557377,0.3103236572411616,0.5081967213114754,reduced,reduced,reduced,reduced,reduced,1802.652717933,SCIP_STATUS_TIMELIMIT,1802.995931809,SCIP_STATUS_TIMELIMIT
embedding_exact_anchored_2con_010,embedding_exact_anchored_2con,0.21515989642052583,0.18032786885245902,0.21515989642052583,0.18032786885245902,0.0036566449951115055,0.20491803278688525,0.077015043773677,0.29508196721311475,reduced,reduced,reduced,reduced,reduced,1802.623751793,SCIP_STATUS_TIMELIMIT,1802.464265386,SCIP_STATUS_TIMELIMIT
embedding_exact_anchored_2con_011,embedding_exact_anchored_2con,0.22404289900296884,0.18032786885245902,0.22404289900296884,0.20491803278688525,0.027813732646740433,0.30327868852459017,0.171334843603816,0.36885245901639346,reduced,reduced,reduced,reduced,reduced,1802.589372337,SCIP_STATUS_TIMELIMIT,1802.544068309,SCIP_STATUS_TIMELIMIT
embedding_exact_anchored_2con_012,embedding_exact_anchored_2con,0.275195247016247,0.1721311475409836,0.275195247016247,0.19672131147540983,0.005394098580627009,0.18032786885245902,0.2923135695348384,0.36885245901639346,reduced,reduced,reduced,reduced,reduced,4.390043424,SCIP_STATUS_OPTIMAL,597.826163205,SCIP_STATUS_OPTIMAL
embedding_exact_anchored_2con_013,embedding_exact_anchored_2con,0.15128155229569912,0.1885245901639344,0.15128155229569912,0.1885245901639344,0.07810891198908289,0.28688524590163933,0.17377561488060447,0.3524590163934426,reduced,reduced,reduced,reduced,reduced,19.146102342,SCIP_STATUS_OPTIMAL,61.869999027,SCIP_STATUS_OPTIMAL
embedding_exact_anchored_2con_014,embedding_exact_anchored_2con,0.17530232342779498,0.1721311475409836,0.17530232342779498,0.19672131147540983,0.06595292341881424,0.29508196721311475,0.21718290601726953,0.4344262295081967,reduced,reduced,reduced,reduced,reduced,8.450095493,SCIP_STATUS_OPTIMAL,1425.810407647,SCIP_STATUS_OPTIMAL
embedding_exact_anchored_2con_015,embedding_exact_anchored_2con,0.2983200231615518,0.1885245901639344,0.2983200231615518,0.3442622950819672,0.45629596186747734,0.6557377049180327,0.48759832410863113,0.6885245901639344,reduced,reduced,reduced,reduced,reduced,4.567923845,SCIP_STATUS_OPTIMAL,397.603902841,SCIP_STATUS_OPTIMAL
embedding_exact_anchored_laman_001,embedding_exact_anchored_laman,0.5652120964994923,0.15384615384615385,0.5652120964994923,0.5769230769230769,0.12192564495840895,0.2692307692307692,0.9045054297369539,0.9076923076923077,reduced,reduced,reduced,reduced,reduced,2.706340996,SCIP_STATUS_OPTIMAL,2.269418913,SCIP_STATUS_OPTIMAL
embedding_exact_anchored_laman_002,embedding_exact_anchored_laman,0.7319313392996414,0.15384615384615385,0.7319313392996414,0.6846153846153846,0.0038715797928595267,0.23076923076923078,0.8778037952356722,0.9076923076923077,reduced,reduced,reduced,reduced,reduced,2.708736804,SCIP_STATUS_OPTIMAL,2.30361424,SCIP_STATUS_OPTIMAL
embedding_exact_anchored_laman_003,embedding_exact_anchored_laman,0.23259889827972788,0.15384615384615385,0.23259889827972788,0.15384615384615385,2.2518512443500895e-16,0.2692307692307692,0.09812376933609829,0.33076923076923076,reduced,reduced,reduced,reduced,reduced,9.396864693,SCIP_STATUS_OPTIMAL,41.872487342,SCIP_STATUS_OPTIMAL
embedding_exact_anchored_laman_004,embedding_exact_anchored_laman,0.869051410780881,0.17692307692307693,0.869051410780881,0.8461538461538461,0.004246749486071359,0.2692307692307692,1.0,1.0,reduced,reduced,reduced,reduced,feasible,3.121636828,SCIP_STATUS_OPTIMAL,1.800444661,SCIP_STATUS_OPTIMAL
embedding_exact_anchored_laman_005,embedding_exact_anchored_laman,0.25720328209421595,0.19230769230769232,0.25720328209421595,0.2153846153846154,0.0006331700363379655,0.3,0.186817922108917,0.4153846153846154,reduced,reduced,reduced,reduced,reduced,3.434511995,SCIP_STATUS_OPTIMAL,6.736777599,SCIP_STATUS_OPTIMAL
embedding_exact_anchored_laman_006,embedding_exact_anchored_laman,0.38686030055083864,0.17692307692307693,0.38686030055083864,0.17692307692307693,0.004255835898479911,0.25384615384615383,0.8047887115303661,0.8538461538461538,reduced,reduced,reduced,reduced,reduced,3.55996017,SCIP_STATUS_OPTIMAL,2.533199043,SCIP_STATUS_OPTIMAL
embedding_exact_anchored_laman_007,embedding_exact_anchored_laman,0.26154250662861284,0.2,0.26154250662861284,0.2,0.0,0.23846153846153847,0.8434754348021861,0.9,reduced,reduced,reduced,reduced,reduced,4.674244088,SCIP_STATUS_OPTIMAL,2.637217438,SCIP_STATUS_OPTIMAL
embedding_exact_anchored_laman_008,embedding_exact_anchored_laman,0.22867494604663172,0.14615384615384616,0.22867494604663172,0.16923076923076924,0.06487216227063874,0.18461538461538463,0.27791460538307466,0.2692307692307692,reduced,reduced,reduced,reduced,reduced,4.138465957,SCIP_STATUS_OPTIMAL,8.308369708,SCIP_STATUS_OPTIMAL
embedding_exact_anchored_laman_009,embedding_exact_anchored_laman,0.810328176936276,0.17692307692307693,0.810328176936276,0.7153846153846154,0.30593900077507336,0.4846153846153846,0.9321439357670458,0.9307692307692308,reduced,reduced,reduced,reduced,reduced,2.995680495,SCIP_STATUS_OPTIMAL,2.10836397,SCIP_STATUS_OPTIMAL
embedding_exact_anchored_laman_010,embedding_exact_anchored_laman,0.6690749910960261,0.2153846153846154,0.6690749910960261,0.6153846153846154,1.1463897168506077e-16,0.2923076923076923,0.9692225327024908,0.9846153846153847,reduced,reduced,reduced,reduced,reduced,4.188115794,SCIP_STATUS_OPTIMAL,2.218945302,SCIP_STATUS_OPTIMAL
embedding_exact_anchored_laman_011,embedding_exact_anchored_laman,0.2650590108053331,0.16153846153846155,0.2650590108053331,0.18461538461538463,0.00216947618995636,0.18461538461538463,0.20200339816443685,0.24615384615384617,reduced,reduced,reduced,reduced,reduced,7.085698761,SCIP_STATUS_OPTIMAL,14.437380299,SCIP_STATUS_OPTIMAL
embedding_exact_anchored_laman_012,embedding_exact_anchored_laman,0.573601532103188,0.15384615384615385,0.573601532103188,0.4461538461538462,0.04599656798242636,0.24615384615384617,0.8744205630493951,0.9,reduced,reduced,reduced,reduced,reduced,3.853490939,SCIP_STATUS_OPTIMAL,2.189397042,SCIP_STATUS_OPTIMAL
embedding_exact_anchored_laman_013,embedding_exact_anchored_laman,0.32511695016980346,0.18461538461538463,0.32511695016980346,0.26153846153846155,0.18183392353720804,0.3230769230769231,0.4224522916195731,0.4461538461538462,reduced,reduced,reduced,reduced,reduced,2.98532034,SCIP_STATUS_OPTIMAL,5.622932156,SCIP_STATUS_OPTIMAL
embedding_exact_anchored_laman_014,embedding_exact_anchored_laman,0.5790480928780749,0.16923076923076924,0.5790480928780749,0.5461538461538461,0.010356057997718352,0.3076923076923077,0.9231791363064938,0.9538461538461539,reduced,reduced,reduced,reduced,reduced,21.473954814,SCIP_STATUS_OPTIMAL,2.400636391,SCIP_STATUS_OPTIMAL
embedding_exact_anchored_laman_015,embedding_exact_anchored_laman,0.22168852314206333,0.16923076923076924,0.22168852314206333,0.19230769230769232,-4.317680435177456e-16,0.2923076923076923,0.05884256490956158,0.4,reduced,reduced,reduced,reduced,reduced,4.750101567,SCIP_STATUS_OPTIMAL,17.091347322,SCIP_STATUS_OPTIMAL
embedding_exact_infeasible_bounding_box_001,embedding_exact_infeasible_bounding_box,0.42329768788822475,0.16793893129770993,0.42329768788822475,0.3511450381679389,0.19120480045329907,0.48854961832061067,1.0,0.3511450381679389,reduced,reduced,reduced,reduced,infeasible,2.466437536,SCIP_STATUS_INFEASIBLE,2.541604929,SCIP_STATUS_INFEASIBLE
embedding_exact_infeasible_bounding_box_002,embedding_exact_infeasible_bounding_box,1.0,0.16793893129770993,1.0,0.19083969465648856,0.1124343241503944,0.3969465648854962,1.0,0.19083969465648856,infeasible,reduced,infeasible,reduced,infeasible,3.018344525,SCIP_STATUS_INFEASIBLE,1.336036277,INFEASIBLE (QIPresolve; SCIP skipped)
embedding_exact_infeasible_bounding_box_003,embedding_exact_infeasible_bounding_box,1.0,0.16793893129770993,1.0,0.16793893129770993,1.0,0.09923664122137404,1.0,0.16793893129770993,infeasible,reduced,infeasible,infeasible,infeasible,2.494778507,SCIP_STATUS_INFEASIBLE,1.103630914,INFEASIBLE (QIPresolve; SCIP skipped)
embedding_exact_infeasible_bounding_box_004,embedding_exact_infeasible_bounding_box,0.2149089066942788,0.17557251908396945,0.2149089066942788,0.17557251908396945,0.04069799787089184,0.4351145038167939,0.12144911410168566,0.4961832061068702,reduced,reduced,reduced,reduced,reduced,2.499631494,SCIP_STATUS_INFEASIBLE,14.186010874,SCIP_STATUS_INFEASIBLE
embedding_exact_infeasible_bounding_box_005,embedding_exact_infeasible_bounding_box,0.2438143850727664,0.183206106870229,0.2438143850727664,0.20610687022900764,0.1150154440639654,0.4580152671755725,1.0,0.48091603053435117,reduced,reduced,reduced,reduced,infeasible,2.706153811,SCIP_STATUS_INFEASIBLE,2.780999717,SCIP_STATUS_INFEASIBLE
embedding_exact_infeasible_bounding_box_006,embedding_exact_infeasible_bounding_box,1.0,0.17557251908396945,1.0,0.17557251908396945,1.0,0.0916030534351145,1.0,0.17557251908396945,infeasible,reduced,infeasible,infeasible,infeasible,2.388895883,SCIP_STATUS_INFEASIBLE,1.062367278,INFEASIBLE (QIPresolve; SCIP skipped)
embedding_exact_infeasible_bounding_box_007,embedding_exact_infeasible_bounding_box,0.3021133341817279,0.1984732824427481,0.3021133341817279,0.1984732824427481,1.0,0.0916030534351145,1.0,0.1984732824427481,reduced,reduced,reduced,infeasible,infeasible,2.501641746,SCIP_STATUS_INFEASIBLE,2.639732057,SCIP_STATUS_INFEASIBLE
embedding_exact_infeasible_bounding_box_008,embedding_exact_infeasible_bounding_box,1.0,0.17557251908396945,1.0,0.25190839694656486,1.0,0.0916030534351145,1.0,0.25190839694656486,infeasible,reduced,infeasible,infeasible,infeasible,2.491761735,SCIP_STATUS_INFEASIBLE,1.112842271,INFEASIBLE (QIPresolve; SCIP skipped)
embedding_exact_infeasible_bounding_box_009,embedding_exact_infeasible_bounding_box,0.31633099359592143,0.17557251908396945,0.31633099359592143,0.17557251908396945,1.0,0.0916030534351145,1.0,0.17557251908396945,reduced,reduced,reduced,infeasible,infeasible,2.537553379,SCIP_STATUS_INFEASIBLE,2.559532103,SCIP_STATUS_INFEASIBLE
embedding_exact_infeasible_bounding_box_010,embedding_exact_infeasible_bounding_box,0.3307786143268049,0.16030534351145037,0.3307786143268049,0.183206106870229,0.06696663261329966,0.45038167938931295,1.0,0.5038167938931297,reduced,reduced,reduced,reduced,infeasible,2.519131727,SCIP_STATUS_INFEASIBLE,2.356615601,SCIP_STATUS_INFEASIBLE
embedding_exact_infeasible_bounding_box_011,embedding_exact_infeasible_bounding_box,0.21101976771123135,0.17557251908396945,0.21101976771123135,0.17557251908396945,0.032145498135553875,0.3816793893129771,1.0,0.46564885496183206,reduced,reduced,reduced,reduced,infeasible,2.568480613,SCIP_STATUS_INFEASIBLE,2.848335334,SCIP_STATUS_INFEASIBLE
embedding_exact_infeasible_bounding_box_012,embedding_exact_infeasible_bounding_box,0.3156627424073852,0.1984732824427481,0.3156627424073852,0.25190839694656486,1.0,0.0916030534351145,1.0,0.4351145038167939,reduced,reduced,reduced,infeasible,infeasible,2.526754466,SCIP_STATUS_INFEASIBLE,2.408670639,SCIP_STATUS_INFEASIBLE
embedding_exact_infeasible_bounding_box_013,embedding_exact_infeasible_bounding_box,1.0,0.16793893129770993,1.0,0.26717557251908397,1.0,0.09923664122137404,1.0,0.26717557251908397,infeasible,reduced,infeasible,infeasible,infeasible,2.505849883,SCIP_STATUS_INFEASIBLE,1.124425913,INFEASIBLE (QIPresolve; SCIP skipped)
embedding_exact_infeasible_bounding_box_014,embedding_exact_infeasible_bounding_box,1.0,0.183206106870229,1.0,0.25190839694656486,1.0,0.4961832061068702,1.0,0.25190839694656486,infeasible,reduced,infeasible,infeasible,infeasible,2.424067499,SCIP_STATUS_INFEASIBLE,1.079640368,INFEASIBLE (QIPresolve; SCIP skipped)
embedding_exact_infeasible_bounding_box_015,embedding_exact_infeasible_bounding_box,0.3044640487139237,0.183206106870229,0.3044640487139237,0.20610687022900764,1.0,0.44274809160305345,1.0,0.20610687022900764,reduced,reduced,reduced,infeasible,infeasible,2.440665424,SCIP_STATUS_INFEASIBLE,2.535784519,SCIP_STATUS_INFEASIBLE
embedding_exact_infeasible_vertex_contraction_001,embedding_exact_infeasible_vertex_contraction,1.0,0.24060150375939848,1.0,0.24060150375939848,0.06425069554260232,0.18045112781954886,1.0,0.24060150375939848,infeasible,reduced,infeasible,reduced,infeasible,2.570088037,SCIP_STATUS_INFEASIBLE,1.123351161,INFEASIBLE (QIPresolve; SCIP skipped)
embedding_exact_infeasible_vertex_contraction_002,embedding_exact_infeasible_vertex_contraction,1.0,0.17293233082706766,1.0,0.17293233082706766,0.0468491891298141,0.24812030075187969,1.0,0.17293233082706766,infeasible,reduced,infeasible,reduced,infeasible,2.615429231,SCIP_STATUS_INFEASIBLE,1.037711903,INFEASIBLE (QIPresolve; SCIP skipped)
embedding_exact_infeasible_vertex_contraction_003,embedding_exact_infeasible_vertex_contraction,1.0,0.2556390977443609,1.0,0.2781954887218045,1.0,0.12781954887218044,1.0,0.2781954887218045,infeasible,reduced,infeasible,infeasible,infeasible,2.534957138,SCIP_STATUS_INFEASIBLE,1.124014108,INFEASIBLE (QIPresolve; SCIP skipped)
embedding_exact_infeasible_vertex_contraction_004,embedding_exact_infeasible_vertex_contraction,1.0,0.22556390977443608,1.0,0.22556390977443608,0.11785022379087776,0.21052631578947367,1.0,0.22556390977443608,infeasible,reduced,infeasible,reduced,infeasible,2.494191037,SCIP_STATUS_INFEASIBLE,1.06102694,INFEASIBLE (QIPresolve; SCIP skipped)
embedding_exact_infeasible_vertex_contraction_005,embedding_exact_infeasible_vertex_contraction,1.0,0.16541353383458646,1.0,0.16541353383458646,0.053220206624817086,0.23308270676691728,1.0,0.16541353383458646,infeasible,reduced,infeasible,reduced,infeasible,2.82663864,SCIP_STATUS_INFEASIBLE,1.075182817,INFEASIBLE (QIPresolve; SCIP skipped)
embedding_exact_infeasible_vertex_contraction_006,embedding_exact_infeasible_vertex_contraction,1.0,0.16541353383458646,1.0,0.16541353383458646,0.044244077222536794,0.21804511278195488,1.0,0.16541353383458646,infeasible,reduced,infeasible,reduced,infeasible,2.634172384,SCIP_STATUS_INFEASIBLE,1.034730019,INFEASIBLE (QIPresolve; SCIP skipped)
embedding_exact_infeasible_vertex_contraction_007,embedding_exact_infeasible_vertex_contraction,1.0,0.16541353383458646,1.0,0.16541353383458646,0.11769856153876768,0.23308270676691728,1.0,0.16541353383458646,infeasible,reduced,infeasible,reduced,infeasible,8.512631087,SCIP_STATUS_INFEASIBLE,1.000948934,INFEASIBLE (QIPresolve; SCIP skipped)
embedding_exact_infeasible_vertex_contraction_008,embedding_exact_infeasible_vertex_contraction,1.0,0.17293233082706766,1.0,0.17293233082706766,1.0,0.11278195488721804,1.0,0.17293233082706766,infeasible,reduced,infeasible,infeasible,infeasible,2.576968732,SCIP_STATUS_INFEASIBLE,1.062997612,INFEASIBLE (QIPresolve; SCIP skipped)
embedding_exact_infeasible_vertex_contraction_009,embedding_exact_infeasible_vertex_contraction,1.0,0.3157894736842105,1.0,0.3157894736842105,1.0,0.13533834586466165,1.0,0.3157894736842105,infeasible,infeasible,infeasible,infeasible,infeasible,2.496311605,SCIP_STATUS_INFEASIBLE,0.482980948,INFEASIBLE (QIPresolve; SCIP skipped)
embedding_exact_infeasible_vertex_contraction_010,embedding_exact_infeasible_vertex_contraction,1.0,0.19548872180451127,1.0,0.19548872180451127,1.0,0.10526315789473684,1.0,0.19548872180451127,infeasible,reduced,infeasible,infeasible,infeasible,2.489398008,SCIP_STATUS_INFEASIBLE,0.981073744,INFEASIBLE (QIPresolve; SCIP skipped)
embedding_exact_infeasible_vertex_contraction_011,embedding_exact_infeasible_vertex_contraction,1.0,0.007518796992481203,1.0,0.007518796992481203,1.0,0.045112781954887216,1.0,0.007518796992481203,infeasible,infeasible,infeasible,infeasible,infeasible,2.459095296,SCIP_STATUS_INFEASIBLE,0.431230808,INFEASIBLE (QIPresolve; SCIP skipped)
embedding_exact_infeasible_vertex_contraction_012,embedding_exact_infeasible_vertex_contraction,1.0,0.17293233082706766,1.0,0.17293233082706766,1.0,0.10526315789473684,1.0,0.17293233082706766,infeasible,reduced,infeasible,infeasible,infeasible,2.54160902,SCIP_STATUS_INFEASIBLE,1.063961086,INFEASIBLE (QIPresolve; SCIP skipped)
embedding_exact_infeasible_vertex_contraction_013,embedding_exact_infeasible_vertex_contraction,1.0,0.16541353383458646,1.0,0.16541353383458646,0.05637895263568203,0.20300751879699247,1.0,0.16541353383458646,infeasible,reduced,infeasible,reduced,infeasible,2.933423018,SCIP_STATUS_INFEASIBLE,1.731073352,INFEASIBLE (QIPresolve; SCIP skipped)
embedding_exact_infeasible_vertex_contraction_014,embedding_exact_infeasible_vertex_contraction,1.0,0.16541353383458646,1.0,0.16541353383458646,1.0,0.10526315789473684,1.0,0.16541353383458646,infeasible,reduced,infeasible,infeasible,infeasible,3.368937634,SCIP_STATUS_INFEASIBLE,1.113290542,INFEASIBLE (QIPresolve; SCIP skipped)
embedding_exact_infeasible_vertex_contraction_015,embedding_exact_infeasible_vertex_contraction,1.0,0.19548872180451127,1.0,0.19548872180451127,0.09732409436595695,0.23308270676691728,1.0,0.19548872180451127,infeasible,reduced,infeasible,reduced,infeasible,2.696015457,SCIP_STATUS_INFEASIBLE,1.074007833,INFEASIBLE (QIPresolve; SCIP skipped)
embedding_exact_unanchored_2con_001,embedding_exact_unanchored_2con,0.16664000670419202,0.1267605633802817,0.16664000670419202,0.1267605633802817,0.004868594084252783,0.1267605633802817,0.027613848284904745,0.1267605633802817,reduced,reduced,reduced,reduced,reduced,1804.159922577,SCIP_STATUS_TIMELIMIT,1802.95667754,SCIP_STATUS_TIMELIMIT
embedding_exact_unanchored_2con_002,embedding_exact_unanchored_2con,0.15638287796169273,0.1267605633802817,0.15638287796169273,0.1267605633802817,0.0046254629603883525,0.1267605633802817,0.10540465859931758,0.1267605633802817,reduced,reduced,reduced,reduced,reduced,1802.890963148,SCIP_STATUS_TIMELIMIT,1803.056188212,SCIP_STATUS_TIMELIMIT
embedding_exact_unanchored_2con_003,embedding_exact_unanchored_2con,0.17130337140361757,0.15492957746478872,0.17130337140361757,0.15492957746478872,0.004984796936828488,0.15492957746478872,0.15381449518419663,0.15492957746478872,reduced,reduced,reduced,reduced,reduced,1802.943923055,SCIP_STATUS_TIMELIMIT,1802.867391299,SCIP_STATUS_TIMELIMIT
embedding_exact_unanchored_2con_004,embedding_exact_unanchored_2con,0.14754357021331124,0.15492957746478872,0.14754357021331124,0.15492957746478872,0.004761089587200213,0.15492957746478872,0.0998427753079355,0.15492957746478872,reduced,reduced,reduced,reduced,reduced,1802.802120762,SCIP_STATUS_TIMELIMIT,1802.765767513,SCIP_STATUS_TIMELIMIT
embedding_exact_unanchored_2con_005,embedding_exact_unanchored_2con,0.17415203835286452,0.11267605633802817,0.17415203835286452,0.11267605633802817,0.0048297216454908365,0.11267605633802817,0.060440387666124994,0.11267605633802817,reduced,reduced,reduced,reduced,reduced,1802.913307818,SCIP_STATUS_TIMELIMIT,1802.569938437,SCIP_STATUS_TIMELIMIT
embedding_exact_unanchored_2con_006,embedding_exact_unanchored_2con,0.16896238661149945,0.11267605633802817,0.16896238661149945,0.11267605633802817,0.004639053413693784,0.11267605633802817,0.12946287390182587,0.11267605633802817,reduced,reduced,reduced,reduced,reduced,1802.849236813,SCIP_STATUS_TIMELIMIT,1803.103126794,SCIP_STATUS_TIMELIMIT
embedding_exact_unanchored_2con_007,embedding_exact_unanchored_2con,0.1577817484429227,0.1267605633802817,0.1577817484429227,0.1267605633802817,0.004731355455729247,0.1267605633802817,0.11747457864247325,0.1267605633802817,reduced,reduced,reduced,reduced,reduced,1802.859069987,SCIP_STATUS_TIMELIMIT,1803.008063932,SCIP_STATUS_TIMELIMIT
embedding_exact_unanchored_2con_008,embedding_exact_unanchored_2con,0.13768813294061025,0.08450704225352113,0.13768813294061025,0.08450704225352113,0.004686043934366023,0.08450704225352113,0.11890681433892297,0.08450704225352113,reduced,reduced,reduced,reduced,reduced,1802.895751157,SCIP_STATUS_TIMELIMIT,1803.247436472,SCIP_STATUS_TIMELIMIT
embedding_exact_unanchored_2con_009,embedding_exact_unanchored_2con,0.12310587539693102,0.14084507042253522,0.12310587539693102,0.14084507042253522,0.004658805386707169,0.14084507042253522,0.10210391359670776,0.14084507042253522,reduced,reduced,reduced,reduced,reduced,1802.900329348,SCIP_STATUS_TIMELIMIT,1803.052942994,SCIP_STATUS_TIMELIMIT
embedding_exact_unanchored_2con_010,embedding_exact_unanchored_2con,0.17879726682565478,0.14084507042253522,0.17879726682565478,0.14084507042253522,0.004848262249504038,0.14084507042253522,-0.02770288677214789,0.14084507042253522,reduced,reduced,reduced,reduced,reduced,1802.877609303,SCIP_STATUS_TIMELIMIT,1803.039752234,SCIP_STATUS_TIMELIMIT
embedding_exact_unanchored_2con_011,embedding_exact_unanchored_2con,0.1518808600829797,0.1267605633802817,0.1518808600829797,0.1267605633802817,0.004805772932541821,0.1267605633802817,0.08924714404996699,0.1267605633802817,reduced,reduced,reduced,reduced,reduced,1802.969503658,SCIP_STATUS_TIMELIMIT,1803.066292292,SCIP_STATUS_TIMELIMIT
embedding_exact_unanchored_2con_012,embedding_exact_unanchored_2con,0.16639544951695626,0.09859154929577464,0.16639544951695626,0.09859154929577464,0.004578873734959947,0.09859154929577464,-0.017148050644451976,0.09859154929577464,reduced,reduced,reduced,reduced,reduced,1802.917459135,SCIP_STATUS_TIMELIMIT,1802.699365635,SCIP_STATUS_TIMELIMIT
embedding_exact_unanchored_2con_013,embedding_exact_unanchored_2con,0.13361837340061317,0.11267605633802817,0.13361837340061317,0.11267605633802817,0.004698042313946928,0.11267605633802817,0.05590449419380554,0.11267605633802817,reduced,reduced,reduced,reduced,reduced,1802.95697339,SCIP_STATUS_TIMELIMIT,1803.108359906,SCIP_STATUS_TIMELIMIT
embedding_exact_unanchored_2con_014,embedding_exact_unanchored_2con,0.1199040296597898,0.14084507042253522,0.1199040296597898,0.14084507042253522,0.004722444022543601,0.14084507042253522,0.08676823036764887,0.14084507042253522,reduced,reduced,reduced,reduced,reduced,1802.796075383,SCIP_STATUS_TIMELIMIT,1802.958847212,SCIP_STATUS_TIMELIMIT
embedding_exact_unanchored_2con_015,embedding_exact_unanchored_2con,0.14671618542911302,0.15492957746478872,0.14671618542911302,0.15492957746478872,0.004463955746759689,0.15492957746478872,0.08411904881885232,0.15492957746478872,reduced,reduced,reduced,reduced,reduced,1802.787369172,SCIP_STATUS_TIMELIMIT,1803.169395136,SCIP_STATUS_TIMELIMIT
embedding_exact_unanchored_laman_001,embedding_exact_unanchored_laman,0.15433814679989283,0.13924050632911392,0.15433814679989283,0.13924050632911392,0.004857473860537179,0.13924050632911392,0.07400152383938237,0.13924050632911392,reduced,reduced,reduced,reduced,reduced,61.917532336,SCIP_STATUS_OPTIMAL,95.220524534,SCIP_STATUS_OPTIMAL
embedding_exact_unanchored_laman_002,embedding_exact_unanchored_laman,0.19984121010795222,0.1518987341772152,0.19984121010795222,0.1518987341772152,0.004970844348353734,0.1518987341772152,-0.05683611380665012,0.1518987341772152,reduced,reduced,reduced,reduced,reduced,1802.869197174,SCIP_STATUS_TIMELIMIT,1802.975043263,SCIP_STATUS_TIMELIMIT
embedding_exact_unanchored_laman_003,embedding_exact_unanchored_laman,0.1432988346970329,0.10126582278481013,0.1432988346970329,0.10126582278481013,0.004638558733695977,0.10126582278481013,0.07820840189643195,0.10126582278481013,reduced,reduced,reduced,reduced,reduced,1802.888747266,SCIP_STATUS_TIMELIMIT,1803.196756696,SCIP_STATUS_TIMELIMIT
embedding_exact_unanchored_laman_004,embedding_exact_unanchored_laman,0.19218643255082804,0.11392405063291139,0.19218643255082804,0.11392405063291139,0.004723799014803088,0.11392405063291139,0.031173630200591537,0.11392405063291139,reduced,reduced,reduced,reduced,reduced,1802.833025061,SCIP_STATUS_TIMELIMIT,1803.084616417,SCIP_STATUS_TIMELIMIT
embedding_exact_unanchored_laman_005,embedding_exact_unanchored_laman,0.14974056942461922,0.1518987341772152,0.14974056942461922,0.1518987341772152,0.004938610887661862,0.1518987341772152,0.10271667656623784,0.1518987341772152,reduced,reduced,reduced,reduced,reduced,1802.825490056,SCIP_STATUS_TIMELIMIT,1803.192403696,SCIP_STATUS_TIMELIMIT
embedding_exact_unanchored_laman_006,embedding_exact_unanchored_laman,0.15449168850493983,0.11392405063291139,0.15449168850493983,0.11392405063291139,0.004787201863757983,0.11392405063291139,0.010490554220017288,0.11392405063291139,reduced,reduced,reduced,reduced,reduced,1802.823353734,SCIP_STATUS_TIMELIMIT,713.238246114,SCIP_STATUS_OPTIMAL
embedding_exact_unanchored_laman_007,embedding_exact_unanchored_laman,0.13863763641922172,0.11392405063291139,0.13863763641922172,0.11392405063291139,0.004628989060896961,0.11392405063291139,0.01806075766863752,0.11392405063291139,reduced,reduced,reduced,reduced,reduced,1802.838959043,SCIP_STATUS_TIMELIMIT,1802.889028411,SCIP_STATUS_TIMELIMIT
embedding_exact_unanchored_laman_008,embedding_exact_unanchored_laman,0.170077822087201,0.08860759493670886,0.170077822087201,0.08860759493670886,0.0046121395164205195,0.08860759493670886,0.12848253155819822,0.08860759493670886,reduced,reduced,reduced,reduced,reduced,1804.839247502,SCIP_STATUS_TIMELIMIT,1413.521373993,SCIP_STATUS_OPTIMAL
embedding_exact_unanchored_laman_009,embedding_exact_unanchored_laman,0.19740697210034794,0.13924050632911392,0.19740697210034794,0.13924050632911392,0.0049908366888415335,0.13924050632911392,0.07233904266149893,0.13924050632911392,reduced,reduced,reduced,reduced,reduced,1802.920764715,SCIP_STATUS_TIMELIMIT,176.458480448,SCIP_STATUS_OPTIMAL
embedding_exact_unanchored_laman_010,embedding_exact_unanchored_laman,0.14341735918431844,0.08860759493670886,0.14341735918431844,0.08860759493670886,0.00464054088827861,0.08860759493670886,0.0596874629073599,0.08860759493670886,reduced,reduced,reduced,reduced,reduced,1802.842365946,SCIP_STATUS_TIMELIMIT,1803.249128949,SCIP_STATUS_TIMELIMIT
embedding_exact_unanchored_laman_011,embedding_exact_unanchored_laman,0.15997487320105477,0.08860759493670886,0.15997487320105477,0.08860759493670886,0.004742084336050887,0.08860759493670886,0.0791662626723591,0.08860759493670886,reduced,reduced,reduced,reduced,reduced,1802.851806042,SCIP_STATUS_TIMELIMIT,1803.379814721,SCIP_STATUS_TIMELIMIT
embedding_exact_unanchored_laman_012,embedding_exact_unanchored_laman,0.17666227519675465,0.1518987341772152,0.17666227519675465,0.1518987341772152,0.004838367259381312,0.1518987341772152,0.1281708916060933,0.1518987341772152,reduced,reduced,reduced,reduced,reduced,1802.935779868,SCIP_STATUS_TIMELIMIT,45.536177223,SCIP_STATUS_OPTIMAL
embedding_exact_unanchored_laman_013,embedding_exact_unanchored_laman,0.16771021715910125,0.16455696202531644,0.16771021715910125,0.16455696202531644,0.004985508105783339,0.16455696202531644,0.06279954925061727,0.16455696202531644,reduced,reduced,reduced,reduced,reduced,1802.869796429,SCIP_STATUS_TIMELIMIT,1802.923901917,SCIP_STATUS_TIMELIMIT
embedding_exact_unanchored_laman_014,embedding_exact_unanchored_laman,0.15773018289573745,0.11392405063291139,0.15773018289573745,0.11392405063291139,0.004603915062605134,0.11392405063291139,0.11851084927571769,0.11392405063291139,reduced,reduced,reduced,reduced,reduced,1802.802030729,SCIP_STATUS_TIMELIMIT,464.85655867,SCIP_STATUS_OPTIMAL
embedding_exact_unanchored_laman_015,embedding_exact_unanchored_laman,0.16394479717333116,0.11392405063291139,0.16394479717333116,0.11392405063291139,0.004792637224901936,0.11392405063291139,0.07270019353197317,0.11392405063291139,reduced,reduced,reduced,reduced,reduced,1802.894611403,SCIP_STATUS_TIMELIMIT,255.7067175,SCIP_STATUS_OPTIMAL
embedding_inexact_anchored_2con_001,embedding_inexact_anchored_2con,0.0,0.14691217020190508,0.0,0.14691217020190508,0.0050186056864413514,0.18796992481203006,0.0050186056864413514,0.2446565311041607,reduced,reduced,reduced,reduced,reduced,1802.523763747,SCIP_STATUS_TIMELIMIT,1802.459971891,SCIP_STATUS_TIMELIMIT
embedding_inexact_anchored_2con_002,embedding_inexact_anchored_2con,0.0,0.17507001984356674,0.0,0.17507001984356674,0.0006534430511633603,0.22556390977443608,0.0006534430511633603,0.31040836570822844,reduced,reduced,reduced,reduced,reduced,1802.53377422,SCIP_STATUS_TIMELIMIT,1802.934412242,SCIP_STATUS_TIMELIMIT
embedding_inexact_anchored_2con_003,embedding_inexact_anchored_2con,0.0,0.1880589197918205,0.0,0.1880589197918205,0.004960314775008298,0.13533834586466165,0.004960314775008298,0.22565290475422653,reduced,reduced,reduced,reduced,reduced,334.25926924,SCIP_STATUS_OPTIMAL,1802.945936877,SCIP_STATUS_TIMELIMIT
embedding_inexact_anchored_2con_004,embedding_inexact_anchored_2con,0.004601607578556136,0.1660107602281037,0.004601607578556136,0.1660107602281037,0.0,0.10526315789473684,0.004601607578555946,0.1660107602281037,reduced,reduced,reduced,reduced,reduced,1802.500804122,SCIP_STATUS_TIMELIMIT,1803.329152724,SCIP_STATUS_TIMELIMIT
embedding_inexact_anchored_2con_005,embedding_inexact_anchored_2con,0.0,0.16134975957805608,0.0,0.16134975957805608,1.8972039837163946e-16,0.10526315789473684,1.8972039837163946e-16,0.16134975957805608,reduced,reduced,reduced,reduced,reduced,1802.604769031,SCIP_STATUS_TIMELIMIT,1802.30550704,SCIP_STATUS_TIMELIMIT
embedding_inexact_anchored_2con_006,embedding_inexact_anchored_2con,0.0,0.15728729777601863,0.0,0.15728729777601863,0.026014982237479254,0.2857142857142857,0.026014982237479254,0.33744348406403935,reduced,reduced,reduced,reduced,reduced,1802.574152362,SCIP_STATUS_TIMELIMIT,1802.188707398,SCIP_STATUS_TIMELIMIT
embedding_inexact_anchored_2con_007,embedding_inexact_anchored_2con,0.0,0.20321525001030033,0.0,0.20321525001030033,0.06573657937924376,0.2631578947368421,0.06573657937924376,0.3380772141472888,reduced,reduced,reduced,reduced,reduced,5.476862046,SCIP_STATUS_OPTIMAL,6.973311767,SCIP_STATUS_OPTIMAL
embedding_inexact_anchored_2con_008,embedding_inexact_anchored_2con,0.0,0.16538231801716222,0.0,0.16538231801716222,0.009144991460603838,0.24060150375939848,0.009144991460603838,0.3157582578667863,reduced,reduced,reduced,reduced,reduced,1802.568896723,SCIP_STATUS_TIMELIMIT,13.369643928,SCIP_STATUS_OPTIMAL
embedding_inexact_anchored_2con_009,embedding_inexact_anchored_2con,0.0,0.19523175559505157,0.0,0.19523175559505157,0.0,0.16541353383458646,0.0,0.2629009285273824,reduced,reduced,reduced,reduced,reduced,1802.528260043,SCIP_STATUS_TIMELIMIT,1802.953725281,SCIP_STATUS_TIMELIMIT
embedding_inexact_anchored_2con_010,embedding_inexact_anchored_2con,0.011033170812539033,0.16985424576655214,0.011033170812539033,0.16985424576655214,0.037896731034003504,0.3609022556390977,0.04368303380532777,0.4325780117031327,reduced,reduced,reduced,reduced,reduced,1802.591113984,SCIP_STATUS_TIMELIMIT,1803.274446359,SCIP_STATUS_TIMELIMIT
embedding_inexact_anchored_2con_011,embedding_inexact_anchored_2con,0.009039516513936348,0.17181061007942264,0.009039516513936348,0.17181061007942264,0.005805339068133028,0.21804511278195488,0.01484485558206917,0.28459256496664065,reduced,reduced,reduced,reduced,reduced,1802.467846487,SCIP_STATUS_TIMELIMIT,1803.459645552,SCIP_STATUS_TIMELIMIT
embedding_inexact_anchored_2con_012,embedding_inexact_anchored_2con,0.0,0.16392436741451832,0.0,0.16392436741451832,-3.8462033585145945e-16,0.22556390977443608,-3.8462033585145945e-16,0.2917439162866988,reduced,reduced,reduced,reduced,reduced,10.228505822,SCIP_STATUS_OPTIMAL,9.021392548,SCIP_STATUS_OPTIMAL
embedding_inexact_anchored_2con_013,embedding_inexact_anchored_2con,0.010436495976313454,0.18045911687587446,0.010436495976313454,0.18045911687587446,0.019549042267998917,0.19548872180451127,0.031115531437020463,0.2782034777781301,reduced,reduced,reduced,reduced,reduced,8.020932136,SCIP_STATUS_OPTIMAL,7.19070819,SCIP_STATUS_OPTIMAL
embedding_inexact_anchored_2con_014,embedding_inexact_anchored_2con,0.0,0.17707259209841195,0.0,0.17707259209841195,0.007905519528615635,0.17293233082706766,0.007905519528615635,0.25977935901570515,reduced,reduced,reduced,reduced,reduced,30.986728844,SCIP_STATUS_OPTIMAL,22.926554682,SCIP_STATUS_OPTIMAL
embedding_inexact_anchored_2con_015,embedding_inexact_anchored_2con,0.0,0.18379632943638666,0.0,0.18379632943638666,0.033393129803558616,0.24060150375939848,0.033393129803558616,0.3112203759780803,reduced,reduced,reduced,reduced,reduced,47.262990896,SCIP_STATUS_OPTIMAL,41.801242939,SCIP_STATUS_OPTIMAL
embedding_inexact_anchored_laman_001,embedding_inexact_anchored_laman,0.0,0.176780418885122,0.0,0.176780418885122,0.0050417820158122845,0.16428571428571428,0.0050417820158122845,0.24820899031369342,reduced,reduced,reduced,reduced,reduced,1802.509244196,SCIP_STATUS_TIMELIMIT,1802.852693918,SCIP_STATUS_TIMELIMIT
embedding_inexact_anchored_laman_002,embedding_inexact_anchored_laman,0.0,0.17623904908850807,0.0,0.17623904908850807,0.02028960154118428,0.2714285714285714,0.02028960154118428,0.3619533348027938,reduced,reduced,reduced,reduced,reduced,1802.577755931,SCIP_STATUS_TIMELIMIT,1802.997134059,SCIP_STATUS_TIMELIMIT
embedding_inexact_anchored_laman_003,embedding_inexact_anchored_laman,0.0,0.1623109170470888,0.0,0.1623109170470888,-3.9033702547388895e-16,0.19285714285714287,-3.9033702547388895e-16,0.269453774189946,reduced,reduced,reduced,reduced,reduced,1802.604502459,SCIP_STATUS_TIMELIMIT,1803.019157263,SCIP_STATUS_TIMELIMIT
embedding_inexact_anchored_laman_004,embedding_inexact_anchored_laman,0.0,0.17326335675568702,0.0,0.17326335675568702,0.013332700443994979,0.20714285714285716,0.013285345774097837,0.29469192818425843,reduced,reduced,reduced,reduced,reduced,14.02572394,SCIP_STATUS_OPTIMAL,1802.407474348,SCIP_STATUS_TIMELIMIT
embedding_inexact_anchored_laman_005,embedding_inexact_anchored_laman,0.0,0.19410739600945956,0.0,0.19410739600945956,0.0005804675992563737,0.10714285714285714,0.0005804675992563737,0.2012502531523167,reduced,reduced,reduced,reduced,reduced,26.866011671,SCIP_STATUS_OPTIMAL,105.681855807,SCIP_STATUS_OPTIMAL
embedding_inexact_anchored_laman_006,embedding_inexact_anchored_laman,0.0,0.1880918680346456,0.0,0.1880918680346456,0.0033812254299542244,0.16428571428571428,0.0033812254299542244,0.259520439463217,reduced,reduced,reduced,reduced,reduced,1802.533735073,SCIP_STATUS_TIMELIMIT,1802.897277817,SCIP_STATUS_TIMELIMIT
embedding_inexact_anchored_laman_007,embedding_inexact_anchored_laman,0.0,0.17589824605427953,0.0,0.17589824605427953,0.03475599231035601,0.3,0.03475599231035601,0.36829057798705267,reduced,reduced,reduced,reduced,reduced,1802.638180476,SCIP_STATUS_TIMELIMIT,1802.209183477,SCIP_STATUS_TIMELIMIT
embedding_inexact_anchored_laman_008,embedding_inexact_anchored_laman,0.0,0.19258091141428604,0.0,0.19258091141428604,0.0014176431146631318,0.2571428571428571,0.0014176431146631318,0.3640094828428575,reduced,reduced,reduced,reduced,reduced,47.143497927,SCIP_STATUS_OPTIMAL,24.185429261,SCIP_STATUS_OPTIMAL
embedding_inexact_anchored_laman_009,embedding_inexact_anchored_laman,0.00968304519693976,0.17159025112285126,0.00968304519693976,0.17099422908813666,0.0,0.25,0.004649709327515427,0.3352799433738509,reduced,reduced,reduced,reduced,reduced,1802.550807187,SCIP_STATUS_TIMELIMIT,1803.244405552,SCIP_STATUS_TIMELIMIT
embedding_inexact_anchored_laman_010,embedding_inexact_anchored_laman,0.0,0.1948639452182209,0.0,0.1948639452182209,0.13734995343282397,0.2642857142857143,0.13734995343282397,0.3445693143951043,reduced,reduced,reduced,reduced,reduced,1802.534012925,SCIP_STATUS_TIMELIMIT,35.091528143,SCIP_STATUS_OPTIMAL
embedding_inexact_anchored_laman_011,embedding_inexact_anchored_laman,0.0,0.1949597428964034,0.0,0.1949597428964034,0.0016570346122262384,0.11428571428571428,0.0016570346122262384,0.21638831432497482,reduced,reduced,reduced,reduced,reduced,143.44559161,SCIP_STATUS_OPTIMAL,1187.075507521,SCIP_STATUS_OPTIMAL
embedding_inexact_anchored_laman_012,embedding_inexact_anchored_laman,0.0,0.16812897513719646,0.0,0.16812897513719646,-2.029693715227546e-16,0.22142857142857142,-2.029693715227546e-16,0.296700403708625,reduced,reduced,reduced,reduced,reduced,1802.501084672,SCIP_STATUS_TIMELIMIT,1802.431045997,SCIP_STATUS_TIMELIMIT
embedding_inexact_anchored_laman_013,embedding_inexact_anchored_laman,0.0,0.1781968687807598,0.0,0.1781968687807598,0.003489422356885186,0.25,0.003489422356885186,0.34248258306647406,reduced,reduced,reduced,reduced,reduced,1802.591154097,SCIP_STATUS_TIMELIMIT,1802.369217118,SCIP_STATUS_TIMELIMIT
embedding_inexact_anchored_laman_014,embedding_inexact_anchored_laman,0.0,0.1786274427259321,0.005102312148296807,0.1786274427259321,0.004777547108442606,0.2642857142857143,0.010768029047587804,0.3643417284402178,reduced,reduced,reduced,reduced,reduced,111.013924521,SCIP_STATUS_OPTIMAL,1803.828651748,SCIP_STATUS_TIMELIMIT
embedding_inexact_anchored_laman_015,embedding_inexact_anchored_laman,0.00967303047286019,0.16071830231329984,0.00967303047286019,0.16071830231329984,-2.0078275410050878e-16,0.25,0.00967303047286019,0.3250040165990141,reduced,reduced,reduced,reduced,reduced,1802.607172593,SCIP_STATUS_TIMELIMIT,1803.715590565,SCIP_STATUS_TIMELIMIT
embedding_inexact_unanchored_2con_001,embedding_inexact_unanchored_2con,0.004310519919136078,0.09665793124170993,0.004310519919136078,0.09665793124170993,0.004310519919135901,0.07692307692307693,0.004310519919135901,0.09665793124170993,reduced,reduced,reduced,reduced,reduced,1802.908117014,SCIP_STATUS_TIMELIMIT,1802.539697078,SCIP_STATUS_TIMELIMIT
embedding_inexact_unanchored_2con_002,embedding_inexact_unanchored_2con,0.004147865795309764,0.11902964922044071,0.004147865795309764,0.11902964922044071,0.004147865795309764,0.08974358974358974,0.004147865795309764,0.11902964922044071,reduced,reduced,reduced,reduced,reduced,1802.890536911,SCIP_STATUS_TIMELIMIT,1803.189348203,SCIP_STATUS_TIMELIMIT
embedding_inexact_unanchored_2con_003,embedding_inexact_unanchored_2con,0.004302930955796232,0.1289472944088599,0.004302930955796232,0.1289472944088599,0.004302930955796055,0.08974358974358974,0.004302930955796055,0.1289472944088599,reduced,reduced,reduced,reduced,reduced,1802.924052876,SCIP_STATUS_TIMELIMIT,1803.253503916,SCIP_STATUS_TIMELIMIT
embedding_inexact_unanchored_2con_004,embedding_inexact_unanchored_2con,0.008804487565406326,0.13114655269663836,0.008804487565406326,0.13114655269663836,0.004416466798080882,0.10256410256410256,0.008804487565405963,0.13114655269663836,reduced,reduced,reduced,reduced,reduced,1802.939669155,SCIP_STATUS_TIMELIMIT,1803.731387282,SCIP_STATUS_TIMELIMIT
embedding_inexact_unanchored_2con_005,embedding_inexact_unanchored_2con,0.004279084046300983,0.16098141096560914,0.004279084046300983,0.16098141096560914,0.004279084046300983,0.1282051282051282,0.004279084046300983,0.16098141096560914,reduced,reduced,reduced,reduced,reduced,1800.0,SCIP_STATUS_TIMELIMIT,1800.0,SCIP_STATUS_TIMELIMIT
embedding_inexact_unanchored_2con_006,embedding_inexact_unanchored_2con,0.004141488717495845,0.10150937582396986,0.004141488717495845,0.10150937582396986,0.004141488717495675,0.08974358974358974,0.004141488717495675,0.10150937582396986,reduced,reduced,reduced,reduced,reduced,1802.879308146,SCIP_STATUS_TIMELIMIT,893.33041844,SCIP_STATUS_OPTIMAL
embedding_inexact_unanchored_2con_007,embedding_inexact_unanchored_2con,0.004328490193752677,0.11578720302917439,0.004328490193752677,0.11578720302917439,0.004328490193752499,0.10256410256410256,0.004328490193752499,0.11578720302917439,reduced,reduced,reduced,reduced,reduced,1802.912306031,SCIP_STATUS_TIMELIMIT,1802.517349082,SCIP_STATUS_TIMELIMIT
embedding_inexact_unanchored_2con_008,embedding_inexact_unanchored_2con,0.004290358336816451,0.11533138841387916,0.004290358336816451,0.11533138841387916,0.004290358336816451,0.10256410256410256,0.004290358336816451,0.11533138841387916,reduced,reduced,reduced,reduced,reduced,1802.843273788,SCIP_STATUS_TIMELIMIT,914.965680072,SCIP_STATUS_OPTIMAL
embedding_inexact_unanchored_2con_009,embedding_inexact_unanchored_2con,0.004421401074414881,0.14083886329845016,0.004421401074414881,0.14083886329845016,0.004421401074414881,0.10256410256410256,0.004421401074414881,0.14083886329845016,reduced,reduced,reduced,reduced,reduced,1802.83027277,SCIP_STATUS_TIMELIMIT,1803.047254517,SCIP_STATUS_TIMELIMIT
embedding_inexact_unanchored_2con_010,embedding_inexact_unanchored_2con,0.014238136650219887,0.1482386498327107,0.014238136650219887,0.1482386498327107,0.004641877320922672,0.1282051282051282,0.014238136650219696,0.16105916265322354,reduced,reduced,reduced,reduced,reduced,41.705856503,SCIP_STATUS_OPTIMAL,1803.547703988,SCIP_STATUS_TIMELIMIT
embedding_inexact_unanchored_2con_011,embedding_inexact_unanchored_2con,0.012576819365237116,0.13911296334055395,0.012576819365237116,0.13911296334055395,0.004307133038338609,0.10256410256410256,0.012576819365237116,0.13911296334055395,reduced,reduced,reduced,reduced,reduced,1802.827444209,SCIP_STATUS_TIMELIMIT,1803.792427685,SCIP_STATUS_TIMELIMIT
embedding_inexact_unanchored_2con_012,embedding_inexact_unanchored_2con,0.004108258936068682,0.13858138812228646,0.004108258936068682,0.13858138812228646,0.004108258936068513,0.1282209559987338,0.004108258936068513,0.13858138812228646,reduced,reduced,reduced,reduced,reduced,772.898156567,SCIP_STATUS_OPTIMAL,1802.546087,SCIP_STATUS_TIMELIMIT
embedding_inexact_unanchored_2con_013,embedding_inexact_unanchored_2con,0.013429823819632966,0.12821875057040133,0.013429823819632966,0.12149645475642473,0.004506569271453359,0.10256410256410256,0.008913314124987205,0.12149645475642473,reduced,reduced,reduced,reduced,reduced,1802.834834236,SCIP_STATUS_TIMELIMIT,802.003882725,SCIP_STATUS_OPTIMAL
embedding_inexact_unanchored_2con_014,embedding_inexact_unanchored_2con,0.004099631394135871,0.10962377883447164,0.004099631394135871,0.10962377883447164,0.004099631394135871,0.08974358974358974,0.004099631394135871,0.10962377883447164,reduced,reduced,reduced,reduced,reduced,1802.822560914,SCIP_STATUS_TIMELIMIT,1802.546879123,SCIP_STATUS_TIMELIMIT
embedding_inexact_unanchored_2con_015,embedding_inexact_unanchored_2con,0.004403746004131744,0.1467296386543516,0.004403746004131744,0.1467296386543516,0.004403746004132105,0.11538461538461539,0.004403746004132105,0.1467296386543516,reduced,reduced,reduced,reduced,reduced,1804.161441535,SCIP_STATUS_TIMELIMIT,1802.489875013,SCIP_STATUS_TIMELIMIT
embedding_inexact_unanchored_laman_001,embedding_inexact_unanchored_laman,0.0045686612736063285,0.14999127816373037,0.0045686612736063285,0.14999127816373037,0.004568661273606516,0.11764705882352941,0.004568661273606516,0.14999127816373037,reduced,reduced,reduced,reduced,reduced,1800.0,SCIP_STATUS_TIMELIMIT,1800.0,SCIP_STATUS_TIMELIMIT
embedding_inexact_unanchored_laman_002,embedding_inexact_unanchored_laman,0.004700940436155631,0.13733490438107218,0.004700940436155631,0.13733490438107218,0.004700940436155631,0.10588235294117647,0.004700940436155631,0.13733490438107218,reduced,reduced,reduced,reduced,reduced,1802.806901456,SCIP_STATUS_TIMELIMIT,1803.402950439,SCIP_STATUS_TIMELIMIT
embedding_inexact_unanchored_laman_003,embedding_inexact_unanchored_laman,0.004274042474219579,0.11439445160696977,0.004274042474219579,0.11439445160696977,0.004274042474219404,0.10588235294117647,0.004274042474219404,0.11439445160696977,reduced,reduced,reduced,reduced,reduced,1802.809996219,SCIP_STATUS_TIMELIMIT,1803.325299201,SCIP_STATUS_TIMELIMIT
embedding_inexact_unanchored_laman_004,embedding_inexact_unanchored_laman,0.0043667070770623696,0.14419846995054333,0.0043667070770623696,0.14419846995054333,0.004366707077062549,0.12941176470588237,0.004366707077062549,0.14419846995054333,reduced,reduced,reduced,reduced,reduced,1800.0,SCIP_STATUS_TIMELIMIT,1800.0,SCIP_STATUS_TIMELIMIT
embedding_inexact_unanchored_laman_005,embedding_inexact_unanchored_laman,0.004607753027665509,0.1667846655399111,0.004607753027665509,0.1667846655399111,0.00460775302766532,0.12941176470588237,0.00460775302766532,0.1667846655399111,reduced,reduced,reduced,reduced,reduced,1802.900054384,SCIP_STATUS_TIMELIMIT,1802.439619924,SCIP_STATUS_TIMELIMIT
embedding_inexact_unanchored_laman_006,embedding_inexact_unanchored_laman,0.0046717339768047985,0.18047094098390284,0.0046717339768047985,0.18047094098390284,0.004671733976805374,0.15294117647058825,0.004671733976805374,0.18047094098390284,reduced,reduced,reduced,reduced,reduced,1802.827290176,SCIP_STATUS_TIMELIMIT,1803.210853965,SCIP_STATUS_TIMELIMIT
embedding_inexact_unanchored_laman_007,embedding_inexact_unanchored_laman,0.004301234735737589,0.13686938553029068,0.004301234735737589,0.13686938553029068,0.004301234735737235,0.11764705882352941,0.004301234735737235,0.13686938553029068,reduced,reduced,reduced,reduced,reduced,1802.899623658,SCIP_STATUS_TIMELIMIT,1802.631765259,SCIP_STATUS_TIMELIMIT
embedding_inexact_unanchored_laman_008,embedding_inexact_unanchored_laman,0.0045285606596243205,0.12895679527058881,0.0045285606596243205,0.12895679527058881,0.004528560659623948,0.10588235294117647,0.004528560659623948,0.12895679527058881,reduced,reduced,reduced,reduced,reduced,1802.832662204,SCIP_STATUS_TIMELIMIT,1802.663158371,SCIP_STATUS_TIMELIMIT
embedding_inexact_unanchored_laman_009,embedding_inexact_unanchored_laman,0.013436858477641254,0.14144276655528443,0.013436858477641254,0.14034343614516626,0.004495845142824888,0.12941176470588237,0.008928822664119667,0.14034343614516626,reduced,reduced,reduced,reduced,reduced,1802.887003331,SCIP_STATUS_TIMELIMIT,1803.439975583,SCIP_STATUS_TIMELIMIT
embedding_inexact_unanchored_laman_010,embedding_inexact_unanchored_laman,0.004485273551798529,0.14520010006934853,0.004485273551798529,0.14520010006934853,0.004485273551799083,0.11799307958477509,0.004485273551799083,0.14520010006934853,reduced,reduced,reduced,reduced,reduced,1802.973497842,SCIP_STATUS_TIMELIMIT,1802.512336707,SCIP_STATUS_TIMELIMIT
embedding_inexact_unanchored_laman_011,embedding_inexact_unanchored_laman,0.004396409450088355,0.1446534173657025,0.004396409450088355,0.1446534173657025,0.004396409450088897,0.10588235294117647,0.004396409450088897,0.1446534173657025,reduced,reduced,reduced,reduced,reduced,1802.769112647,SCIP_STATUS_TIMELIMIT,1802.496696519,SCIP_STATUS_TIMELIMIT
embedding_inexact_unanchored_laman_012,embedding_inexact_unanchored_laman,0.00458810746380337,0.13286602440897716,0.00458810746380337,0.13286602440897716,0.004588107463803747,0.09418300653594772,0.004588107463803747,0.13286602440897716,reduced,reduced,reduced,reduced,reduced,1802.853950347,SCIP_STATUS_TIMELIMIT,1802.655300509,SCIP_STATUS_TIMELIMIT
embedding_inexact_unanchored_laman_013,embedding_inexact_unanchored_laman,0.0043781051729524165,0.17585366622713375,0.0043781051729524165,0.17585366622713375,0.0043781051729524165,0.15294117647058825,0.0043781051729524165,0.17585366622713375,reduced,reduced,reduced,reduced,reduced,1802.726037732,SCIP_STATUS_TIMELIMIT,1802.4828509,SCIP_STATUS_TIMELIMIT
embedding_inexact_unanchored_laman_014,embedding_inexact_unanchored_laman,0.004423567796226692,0.11773931743094694,0.00878853492773428,0.11773931743094694,0.004423567796226874,0.08235294117647059,0.008788534927734463,0.11773931743094694,reduced,reduced,reduced,reduced,reduced,1802.681151064,SCIP_STATUS_TIMELIMIT,1803.908379082,SCIP_STATUS_TIMELIMIT
embedding_inexact_unanchored_laman_015,embedding_inexact_unanchored_laman,0.012658883762225192,0.10000661557484684,0.012658883762225192,0.10000661557484684,0.004409073826351191,0.08235294117647059,0.012658883762225374,0.10000661557484684,reduced,reduced,reduced,reduced,reduced,1802.853733809,SCIP_STATUS_TIMELIMIT,1803.710794178,SCIP_STATUS_TIMELIMIT
random_bilinear_001,random_bilinear,1.0,0.11214285714285714,1.0,1.0,1.0,1.0,1.0,1.0,feasible,reduced,feasible,feasible,feasible,2.509290094,SCIP_STATUS_OPTIMAL,1.114740696,SCIP_STATUS_OPTIMAL
random_bilinear_002,random_bilinear,0.030863452566052517,0.15536507936507934,0.04158520361093521,0.15008730158730157,1.0,1.0,1.0,1.0,reduced,reduced,reduced,feasible,feasible,2.543187822,SCIP_STATUS_OPTIMAL,4.153977871,SCIP_STATUS_OPTIMAL
random_bilinear_003,random_bilinear,0.1302336194862709,0.16032539682539682,1.0,1.0,1.0,1.0,1.0,1.0,reduced,reduced,feasible,feasible,feasible,2.549643765,SCIP_STATUS_OPTIMAL,1.949708822,SCIP_STATUS_OPTIMAL
random_bilinear_004,random_bilinear,0.08060611285202615,0.13818253968253968,0.08060611285202615,0.15151587301587302,1.0,1.0,1.0,1.0,reduced,reduced,reduced,feasible,feasible,2.664596521,SCIP_STATUS_OPTIMAL,3.936294907,SCIP_STATUS_OPTIMAL
random_bilinear_005,random_bilinear,0.09869007000305983,0.1355079365079365,0.09869007000305983,0.13074603174603175,1.0,1.0,1.0,1.0,reduced,reduced,reduced,feasible,feasible,2.631050351,SCIP_STATUS_OPTIMAL,3.126369025,SCIP_STATUS_OPTIMAL
random_bilinear_006,random_bilinear,0.030821231637040033,0.12488095238095237,0.030821231637040033,0.09802380952380953,0.22906568203064537,0.03,0.2779675530556635,0.1380238095238095,reduced,reduced,reduced,reduced,reduced,2.940836063,SCIP_STATUS_OPTIMAL,4.834581226,SCIP_STATUS_OPTIMAL
random_bilinear_007,random_bilinear,0.007188043431274146,0.12695238095238096,0.007188043431274146,0.1313968253968254,0.3404681754340589,0.0,1.0,1.0,reduced,reduced,reduced,reduced,feasible,3.131098385,SCIP_STATUS_OPTIMAL,4.745836167,SCIP_STATUS_OPTIMAL
random_bilinear_008,random_bilinear,0.07552559068264719,0.1615714285714286,0.09496019562378662,0.1309047619047619,1.0,1.0,1.0,1.0,reduced,reduced,reduced,feasible,feasible,2.63740659,SCIP_STATUS_OPTIMAL,3.595256989,SCIP_STATUS_OPTIMAL
random_bilinear_009,random_bilinear,0.021694178132170453,0.14454761904761904,0.021694178132170453,0.12978571428571428,1.0,1.0,1.0,1.0,reduced,reduced,reduced,feasible,feasible,2.6145101,SCIP_STATUS_OPTIMAL,4.194791644,SCIP_STATUS_OPTIMAL
random_bilinear_010,random_bilinear,0.040223811898734974,0.11297619047619045,0.040223811898734974,0.11408730158730158,1.0,1.0,1.0,1.0,reduced,reduced,reduced,feasible,feasible,2.458706171,SCIP_STATUS_OPTIMAL,4.584457585,SCIP_STATUS_OPTIMAL
random_bilinear_011,random_bilinear,0.25846096742802543,0.1327063492063492,0.25846096742802543,0.22230158730158728,1.0,1.0,1.0,1.0,reduced,reduced,reduced,feasible,feasible,2.50408115,SCIP_STATUS_OPTIMAL,3.304079601,SCIP_STATUS_OPTIMAL
random_bilinear_012,random_bilinear,0.011864371946221596,0.11086507936507935,0.011864371946221596,0.10753174603174603,1.0,1.0,1.0,1.0,reduced,reduced,reduced,feasible,feasible,2.478691831,SCIP_STATUS_OPTIMAL,4.578180407,SCIP_STATUS_OPTIMAL
random_bilinear_013,random_bilinear,0.15944604620538746,0.1666349206349206,1.0,1.0,1.0,1.0,1.0,1.0,reduced,reduced,feasible,feasible,feasible,2.45775854,SCIP_STATUS_OPTIMAL,1.920565378,SCIP_STATUS_OPTIMAL
random_bilinear_014,random_bilinear,0.08405665185258586,0.1604365079365079,0.08405665185258586,0.1343253968253968,1.0,1.0,1.0,1.0,reduced,reduced,reduced,feasible,feasible,2.679567891,SCIP_STATUS_OPTIMAL,3.91338189,SCIP_STATUS_OPTIMAL
random_bilinear_015,random_bilinear,0.10372535479221513,0.14376190476190476,0.10372535479221513,0.15376190476190477,0.29342355976596046,0.03,1.0,1.0,reduced,reduced,reduced,reduced,feasible,3.238234868,SCIP_STATUS_OPTIMAL,4.672340911,SCIP_STATUS_OPTIMAL
random_bilinear_016,random_bilinear,0.04769512570860191,0.11757142857142856,0.04769512570860191,0.11471428571428571,1.0,1.0,1.0,1.0,reduced,reduced,reduced,feasible,feasible,2.587369344,SCIP_STATUS_OPTIMAL,3.457695136,SCIP_STATUS_OPTIMAL
random_bilinear_017,random_bilinear,0.08824443172005403,0.1053095238095238,0.1449175911867903,0.10721428571428572,1.0,1.0,1.0,1.0,reduced,reduced,reduced,feasible,feasible,2.407432638,SCIP_STATUS_OPTIMAL,4.664720108,SCIP_STATUS_OPTIMAL
random_bilinear_018,random_bilinear,1.0,0.13443650793650794,1.0,1.0,1.0,1.0,1.0,1.0,feasible,reduced,feasible,feasible,feasible,2.625838629,SCIP_STATUS_OPTIMAL,1.113665827,SCIP_STATUS_OPTIMAL
random_bilinear_019,random_bilinear,0.1322266417733968,0.15175396825396825,0.18714016439412626,0.16207142857142856,1.0,1.0,1.0,1.0,reduced,reduced,reduced,feasible,feasible,2.451880593,SCIP_STATUS_OPTIMAL,4.347085083,SCIP_STATUS_OPTIMAL
random_bilinear_020,random_bilinear,0.06384151954979678,0.13619047619047617,0.06384151954979678,0.15035714285714286,1.0,1.0,1.0,1.0,reduced,reduced,reduced,feasible,feasible,2.565147195,SCIP_STATUS_OPTIMAL,3.817432007,SCIP_STATUS_OPTIMAL
random_bilinear_021,random_bilinear,0.01089160181907027,0.09245238095238095,0.01089160181907027,0.09245238095238095,0.30888844711815633,0.03,0.31079198928748863,0.11045238095238095,reduced,reduced,reduced,reduced,reduced,2.888198077,SCIP_STATUS_OPTIMAL,5.047976172,SCIP_STATUS_OPTIMAL
random_bilinear_022,random_bilinear,0.08213486298185418,0.10859523809523808,0.09878673543327046,0.13084126984126984,1.0,1.0,1.0,1.0,reduced,reduced,reduced,feasible,feasible,2.417703156,SCIP_STATUS_OPTIMAL,5.553293521,SCIP_STATUS_OPTIMAL
random_bilinear_023,random_bilinear,0.2016503522735045,0.15353174603174602,1.0,1.0,1.0,1.0,1.0,1.0,reduced,reduced,feasible,feasible,feasible,2.741024965,SCIP_STATUS_OPTIMAL,1.884886031,SCIP_STATUS_OPTIMAL
random_bilinear_024,random_bilinear,0.13521161884282307,0.13162698412698412,1.0,1.0,1.0,1.0,1.0,1.0,reduced,reduced,feasible,feasible,feasible,2.620850469,SCIP_STATUS_OPTIMAL,2.170871313,SCIP_STATUS_OPTIMAL
random_bilinear_025,random_bilinear,0.26962650717001047,0.10912698412698411,0.26962650717001047,0.16210317460317458,1.0,1.0,1.0,1.0,reduced,reduced,reduced,feasible,feasible,2.487363002,SCIP_STATUS_OPTIMAL,3.027270582,SCIP_STATUS_OPTIMAL
random_bilinear_026,random_bilinear,0.14698739813309492,0.13629365079365077,0.1525196441549926,0.14615079365079364,1.0,1.0,1.0,1.0,reduced,reduced,reduced,feasible,feasible,2.338913494,SCIP_STATUS_OPTIMAL,3.585318201,SCIP_STATUS_OPTIMAL
random_bilinear_027,random_bilinear,0.0,0.11092063492063492,0.0,0.11092063492063492,1.0,1.0,1.0,1.0,reduced,reduced,reduced,feasible,feasible,2.707873861,SCIP_STATUS_OPTIMAL,4.534444781,SCIP_STATUS_OPTIMAL
random_bilinear_028,random_bilinear,0.07866909727673745,0.15239682539682536,0.07866909727673745,0.17573015873015868,1.0,1.0,1.0,1.0,reduced,reduced,reduced,feasible,feasible,2.52282706,SCIP_STATUS_OPTIMAL,3.583651042,SCIP_STATUS_OPTIMAL
random_bilinear_029,random_bilinear,0.07963537723743024,0.1169285714285714,0.07963537723743024,0.10759523809523809,1.0,1.0,1.0,1.0,reduced,reduced,reduced,feasible,feasible,2.659279592,SCIP_STATUS_OPTIMAL,3.94777051,SCIP_STATUS_OPTIMAL
random_bilinear_030,random_bilinear,0.09277534214009257,0.1282936507936508,0.09277534214009257,0.14496031746031746,1.0,1.0,1.0,1.0,reduced,reduced,reduced,feasible,feasible,2.627029915,SCIP_STATUS_OPTIMAL,3.609312253,SCIP_STATUS_OPTIMAL
random_generic_001,random_generic,1.0,0.015,1.0,1.0,0.31191042824336224,0.02,1.0,1.0,feasible,reduced,feasible,reduced,feasible,6.552267808,SCIP_STATUS_OPTIMAL,1.101680596,SCIP_STATUS_OPTIMAL
random_generic_002,random_generic,1.0,0.025999999999999995,1.0,1.0,1.0,1.0,1.0,1.0,feasible,reduced,feasible,feasible,feasible,3.021652998,SCIP_STATUS_OPTIMAL,1.156056659,SCIP_STATUS_OPTIMAL
random_generic_003,random_generic,1.0,0.05685714285714285,1.0,1.0,1.0,1.0,1.0,1.0,feasible,reduced,feasible,feasible,feasible,3.368087944,SCIP_STATUS_OPTIMAL,1.155503388,SCIP_STATUS_OPTIMAL
random_generic_004,random_generic,1.0,0.05595238095238095,1.0,1.0,1.0,1.0,1.0,1.0,feasible,reduced,feasible,feasible,feasible,2.807436419,SCIP_STATUS_OPTIMAL,1.12094523,SCIP_STATUS_OPTIMAL
random_generic_005,random_generic,1.0,0.0245,1.0,1.0,0.20619385172250565,0.02,1.0,1.0,feasible,reduced,feasible,reduced,feasible,3.517268271,SCIP_STATUS_OPTIMAL,1.085087683,SCIP_STATUS_OPTIMAL
random_generic_006,random_generic,1.0,0.026523809523809526,1.0,1.0,1.0,1.0,1.0,1.0,feasible,reduced,feasible,feasible,feasible,2.886434546,SCIP_STATUS_OPTIMAL,1.115808494,SCIP_STATUS_OPTIMAL
random_generic_007,random_generic,1.0,0.02227777777777778,1.0,1.0,1.0,1.0,1.0,1.0,feasible,reduced,feasible,feasible,feasible,2.578849392,SCIP_STATUS_OPTIMAL,1.085092589,SCIP_STATUS_OPTIMAL
random_generic_008,random_generic,1.0,0.019444444444444445,1.0,1.0,1.0,1.0,1.0,1.0,feasible,reduced,feasible,feasible,feasible,2.793473106,SCIP_STATUS_OPTIMAL,1.106319867,SCIP_STATUS_OPTIMAL
random_generic_009,random_generic,1.0,0.029206349206349205,1.0,1.0,0.12377100366324022,0.01,1.0,1.0,feasible,reduced,feasible,reduced,feasible,3.092348236,SCIP_STATUS_OPTIMAL,1.083053974,SCIP_STATUS_OPTIMAL
random_generic_010,random_generic,1.0,0.039,1.0,1.0,1.0,1.0,1.0,1.0,feasible,reduced,feasible,feasible,feasible,2.941032421,SCIP_STATUS_OPTIMAL,1.138815079,SCIP_STATUS_OPTIMAL
random_generic_011,random_generic,1.0,0.025333333333333333,1.0,1.0,1.0,1.0,1.0,1.0,feasible,reduced,feasible,feasible,feasible,2.613165568,SCIP_STATUS_OPTIMAL,1.088214754,SCIP_STATUS_OPTIMAL
random_generic_012,random_generic,1.0,0.009523809523809523,1.0,1.0,0.18461976256652546,0.01,1.0,1.0,feasible,reduced,feasible,reduced,feasible,28.290310185,SCIP_STATUS_OPTIMAL,1.101973871,SCIP_STATUS_OPTIMAL
random_generic_013,random_generic,1.0,0.02176190476190476,1.0,1.0,1.0,1.0,1.0,1.0,feasible,reduced,feasible,feasible,feasible,2.469598445,SCIP_STATUS_OPTIMAL,0.981673091,SCIP_STATUS_OPTIMAL
random_generic_014,random_generic,1.0,0.03826190476190476,1.0,1.0,1.0,1.0,1.0,1.0,feasible,reduced,feasible,feasible,feasible,24.74081438,SCIP_STATUS_OPTIMAL,1.087493478,SCIP_STATUS_OPTIMAL
random_generic_015,random_generic,1.0,0.046761904761904755,1.0,1.0,1.0,1.0,1.0,1.0,feasible,reduced,feasible,feasible,feasible,2.69040105,SCIP_STATUS_OPTIMAL,1.092257764,SCIP_STATUS_OPTIMAL
random_generic_016,random_generic,1.0,0.008095238095238095,1.0,1.0,1.0,1.0,1.0,1.0,feasible,reduced,feasible,feasible,feasible,2.730770373,SCIP_STATUS_OPTIMAL,1.117599288,SCIP_STATUS_OPTIMAL
random_generic_017,random_generic,1.0,0.042333333333333334,1.0,1.0,1.0,1.0,1.0,1.0,feasible,reduced,feasible,feasible,feasible,2.467877232,SCIP_STATUS_OPTIMAL,1.091176065,SCIP_STATUS_OPTIMAL
random_generic_018,random_generic,1.0,0.018603174603174604,1.0,1.0,0.2868938148896972,0.02,1.0,1.0,feasible,reduced,feasible,reduced,feasible,11.062685678,SCIP_STATUS_OPTIMAL,1.120222707,SCIP_STATUS_OPTIMAL
random_generic_019,random_generic,1.0,0.029523809523809525,1.0,1.0,1.0,1.0,1.0,1.0,feasible,reduced,feasible,feasible,feasible,2.474964338,SCIP_STATUS_OPTIMAL,1.058089999,SCIP_STATUS_OPTIMAL
random_generic_020,random_generic,1.0,0.019523809523809523,1.0,1.0,1.0,1.0,1.0,1.0,feasible,reduced,feasible,feasible,feasible,2.634926044,SCIP_STATUS_OPTIMAL,1.095731968,SCIP_STATUS_OPTIMAL
random_generic_021,random_generic,1.0,0.034833333333333334,1.0,1.0,1.0,1.0,1.0,1.0,feasible,reduced,feasible,feasible,feasible,2.431720701,SCIP_STATUS_OPTIMAL,0.992052359,SCIP_STATUS_OPTIMAL
random_generic_022,random_generic,1.0,0.05491666666666666,1.0,1.0,1.0,1.0,1.0,1.0,feasible,reduced,feasible,feasible,feasible,2.838110717,SCIP_STATUS_OPTIMAL,1.119134209,SCIP_STATUS_OPTIMAL
random_generic_023,random_generic,1.0,0.03976190476190476,1.0,1.0,1.0,1.0,1.0,1.0,feasible,reduced,feasible,feasible,feasible,2.964616845,SCIP_STATUS_OPTIMAL,1.149222494,SCIP_STATUS_OPTIMAL
random_generic_024,random_generic,1.0,0.007333333333333334,1.0,1.0,0.10407405022621231,0.0,1.0,1.0,feasible,reduced,feasible,reduced,feasible,32.369198246,SCIP_STATUS_OPTIMAL,1.100374882,SCIP_STATUS_OPTIMAL
random_generic_025,random_generic,1.0,0.03485714285714285,1.0,1.0,1.0,1.0,1.0,1.0,feasible,reduced,feasible,feasible,feasible,2.534448003,SCIP_STATUS_OPTIMAL,1.103648545,SCIP_STATUS_OPTIMAL
random_generic_026,random_generic,1.0,0.02169047619047619,1.0,1.0,0.08791119802030888,0.0,1.0,1.0,feasible,reduced,feasible,reduced,feasible,3.349917735,SCIP_STATUS_OPTIMAL,1.090423579,SCIP_STATUS_OPTIMAL
random_generic_027,random_generic,1.0,0.05992857142857142,1.0,1.0,0.3045228602264404,0.01,1.0,1.0,feasible,reduced,feasible,reduced,feasible,8.424252906,SCIP_STATUS_OPTIMAL,1.072781837,SCIP_STATUS_OPTIMAL
random_generic_028,random_generic,1.0,0.023666666666666662,1.0,1.0,0.13225299568900395,0.0,1.0,1.0,feasible,reduced,feasible,reduced,feasible,3.250233201,SCIP_STATUS_OPTIMAL,1.062303237,SCIP_STATUS_OPTIMAL
random_generic_029,random_generic,1.0,0.042595238095238096,1.0,1.0,1.0,1.0,1.0,1.0,feasible,reduced,feasible,feasible,feasible,2.595671963,SCIP_STATUS_OPTIMAL,1.077167856,SCIP_STATUS_OPTIMAL
random_generic_030,random_generic,1.0,0.061761904761904754,1.0,1.0,1.0,1.0,1.0,1.0,feasible,reduced,feasible,feasible,feasible,2.767585517,SCIP_STATUS_OPTIMAL,1.082443876,SCIP_STATUS_OPTIMAL
random_pure_001,random_pure,1.0,0.022253968253968255,1.0,1.0,1.0,1.0,1.0,1.0,feasible,reduced,feasible,feasible,feasible,2.481055254,SCIP_STATUS_OPTIMAL,1.093195251,SCIP_STATUS_OPTIMAL
random_pure_002,random_pure,1.0,0.09556349206349206,1.0,1.0,1.0,1.0,1.0,1.0,feasible,reduced,feasible,feasible,feasible,2.510413176,SCIP_STATUS_OPTIMAL,1.110229649,SCIP_STATUS_OPTIMAL
random_pure_003,random_pure,1.0,0.07635714285714286,1.0,1.0,1.0,1.0,1.0,1.0,feasible,reduced,feasible,feasible,feasible,2.527995799,SCIP_STATUS_OPTIMAL,1.086396998,SCIP_STATUS_OPTIMAL
random_pure_004,random_pure,1.0,0.06277777777777778,1.0,1.0,1.0,1.0,1.0,1.0,feasible,reduced,feasible,feasible,feasible,2.629795586,SCIP_STATUS_OPTIMAL,1.146073125,SCIP_STATUS_OPTIMAL
random_pure_005,random_pure,1.0,0.06461904761904762,1.0,1.0,1.0,1.0,1.0,1.0,feasible,reduced,feasible,feasible,feasible,2.587064787,SCIP_STATUS_OPTIMAL,1.109660656,SCIP_STATUS_OPTIMAL
random_pure_006,random_pure,1.0,0.06987301587301588,1.0,1.0,0.1050755898230453,0.0,1.0,1.0,feasible,reduced,feasible,reduced,feasible,250.081021134,SCIP_STATUS_OPTIMAL,1.031901745,SCIP_STATUS_OPTIMAL
random_pure_007,random_pure,1.0,0.08233333333333334,1.0,1.0,0.23899490627947434,0.04,1.0,1.0,feasible,reduced,feasible,reduced,feasible,2.993879563,SCIP_STATUS_OPTIMAL,1.082077291,SCIP_STATUS_OPTIMAL
random_pure_008,random_pure,1.0,0.033666666666666664,1.0,1.0,1.0,1.0,1.0,1.0,feasible,reduced,feasible,feasible,feasible,2.51515878,SCIP_STATUS_OPTIMAL,1.081013261,SCIP_STATUS_OPTIMAL
random_pure_009,random_pure,1.0,0.11164285714285714,1.0,1.0,1.0,1.0,1.0,1.0,feasible,reduced,feasible,feasible,feasible,2.547846067,SCIP_STATUS_OPTIMAL,1.08802891,SCIP_STATUS_OPTIMAL
random_pure_010,random_pure,1.0,0.051142857142857136,1.0,1.0,0.169143470110684,0.01,1.0,1.0,feasible,reduced,feasible,reduced,feasible,3.267966842,SCIP_STATUS_OPTIMAL,1.112513281,SCIP_STATUS_OPTIMAL
random_pure_011,random_pure,1.0,0.05576190476190476,1.0,1.0,1.0,1.0,1.0,1.0,feasible,reduced,feasible,feasible,feasible,2.652422542,SCIP_STATUS_OPTIMAL,1.153384207,SCIP_STATUS_OPTIMAL
random_pure_012,random_pure,1.0,0.05221428571428571,1.0,1.0,1.0,1.0,1.0,1.0,feasible,reduced,feasible,feasible,feasible,2.493172025,SCIP_STATUS_OPTIMAL,1.077756763,SCIP_STATUS_OPTIMAL
random_pure_013,random_pure,1.0,0.0976111111111111,1.0,1.0,0.21376109639559443,0.02,1.0,1.0,feasible,reduced,feasible,reduced,feasible,2.864922243,SCIP_STATUS_OPTIMAL,1.071362613,SCIP_STATUS_OPTIMAL
random_pure_014,random_pure,1.0,0.060134920634920624,1.0,1.0,1.0,1.0,1.0,1.0,feasible,reduced,feasible,feasible,feasible,2.623495818,SCIP_STATUS_OPTIMAL,1.109962873,SCIP_STATUS_OPTIMAL
random_pure_015,random_pure,1.0,0.033468253968253966,1.0,1.0,1.0,1.0,1.0,1.0,feasible,reduced,feasible,feasible,feasible,2.673197227,SCIP_STATUS_OPTIMAL,1.151410445,SCIP_STATUS_OPTIMAL
random_pure_016,random_pure,1.0,0.042777777777777776,1.0,1.0,1.0,1.0,1.0,1.0,feasible,reduced,feasible,feasible,feasible,2.569714357,SCIP_STATUS_OPTIMAL,1.084539138,SCIP_STATUS_OPTIMAL
random_pure_017,random_pure,1.0,0.05782539682539682,1.0,1.0,1.0,1.0,1.0,1.0,feasible,reduced,feasible,feasible,feasible,2.420861623,SCIP_STATUS_OPTIMAL,1.070243455,SCIP_STATUS_OPTIMAL
random_pure_018,random_pure,1.0,0.06649999999999999,1.0,1.0,1.0,1.0,1.0,1.0,feasible,reduced,feasible,feasible,feasible,2.535524785,SCIP_STATUS_OPTIMAL,1.078994161,SCIP_STATUS_OPTIMAL
random_pure_019,random_pure,1.0,0.05969047619047619,1.0,1.0,1.0,1.0,1.0,1.0,feasible,reduced,feasible,feasible,feasible,2.564138783,SCIP_STATUS_OPTIMAL,1.087217677,SCIP_STATUS_OPTIMAL
random_pure_020,random_pure,1.0,0.04828571428571429,1.0,1.0,1.0,1.0,1.0,1.0,feasible,reduced,feasible,feasible,feasible,2.599861313,SCIP_STATUS_OPTIMAL,1.157332519,SCIP_STATUS_OPTIMAL
random_pure_021,random_pure,1.0,0.059253968253968246,1.0,1.0,1.0,1.0,1.0,1.0,feasible,reduced,feasible,feasible,feasible,2.517627068,SCIP_STATUS_OPTIMAL,1.100092402,SCIP_STATUS_OPTIMAL
random_pure_022,random_pure,1.0,0.05673015873015872,1.0,1.0,0.18067228026471216,0.02,1.0,1.0,feasible,reduced,feasible,reduced,feasible,38.376780564,SCIP_STATUS_OPTIMAL,1.091470025,SCIP_STATUS_OPTIMAL
random_pure_023,random_pure,1.0,0.06637301587301588,1.0,1.0,1.0,1.0,1.0,1.0,feasible,reduced,feasible,feasible,feasible,2.598740055,SCIP_STATUS_OPTIMAL,1.133195784,SCIP_STATUS_OPTIMAL
random_pure_024,random_pure,1.0,0.0782063492063492,1.0,1.0,1.0,1.0,1.0,1.0,feasible,reduced,feasible,feasible,feasible,2.539516365,SCIP_STATUS_OPTIMAL,1.108620639,SCIP_STATUS_OPTIMAL
random_pure_025,random_pure,1.0,0.05174603174603174,1.0,1.0,1.0,1.0,1.0,1.0,feasible,reduced,feasible,feasible,feasible,2.422625384,SCIP_STATUS_OPTIMAL,1.078325,SCIP_STATUS_OPTIMAL
random_pure_026,random_pure,1.0,0.049301587301587305,1.0,1.0,1.0,1.0,1.0,1.0,feasible,reduced,feasible,feasible,feasible,2.474610455,SCIP_STATUS_OPTIMAL,1.024443188,SCIP_STATUS_OPTIMAL
random_pure_027,random_pure,1.0,0.06537301587301587,1.0,1.0,1.0,1.0,1.0,1.0,feasible,reduced,feasible,feasible,feasible,2.564279349,SCIP_STATUS_OPTIMAL,1.108589894,SCIP_STATUS_OPTIMAL
random_pure_028,random_pure,1.0,0.07233333333333333,1.0,1.0,1.0,1.0,1.0,1.0,feasible,reduced,feasible,feasible,feasible,2.588164757,SCIP_STATUS_OPTIMAL,1.116507849,SCIP_STATUS_OPTIMAL
random_pure_029,random_pure,1.0,0.06633333333333333,1.0,1.0,0.3588342242468715,0.04,1.0,1.0,feasible,reduced,feasible,reduced,feasible,4.059416651,SCIP_STATUS_OPTIMAL,1.099882615,SCIP_STATUS_OPTIMAL
random_pure_030,random_pure,1.0,0.09132539682539682,1.0,1.0,1.0,1.0,1.0,1.0,feasible,reduced,feasible,feasible,feasible,2.645031634,SCIP_STATUS_OPTIMAL,1.124033012,SCIP_STATUS_OPTIMAL
random_separable_001,random_separable,1.0,0.2237857142857143,1.0,1.0,1.0,1.0,1.0,1.0,feasible,reduced,feasible,feasible,feasible,3.064508335,SCIP_STATUS_OPTIMAL,1.146298373,SCIP_STATUS_OPTIMAL
random_separable_002,random_separable,0.9938273094867895,0.21166666666666664,0.9938273094867895,1.0,1.0,1.0,0.9938273094867895,1.0,feasible,reduced,feasible,feasible,feasible,3.086548,SCIP_STATUS_OPTIMAL,1.445915199,SCIP_STATUS_OPTIMAL
random_separable_003,random_separable,0.9900016429385182,0.3571071428571429,1.0,1.0,1.0,1.0,1.0,1.0,reduced,reduced,feasible,feasible,feasible,3.107959141,SCIP_STATUS_OPTIMAL,1.270195138,SCIP_STATUS_OPTIMAL
random_separable_004,random_separable,1.0,0.2580674603174603,1.0,1.0,1.0,1.0,1.0,1.0,feasible,reduced,feasible,feasible,feasible,3.136424843,SCIP_STATUS_OPTIMAL,1.156486803,SCIP_STATUS_OPTIMAL
random_separable_005,random_separable,1.0,0.1408095238095238,1.0,1.0,1.0,1.0,1.0,1.0,feasible,reduced,feasible,feasible,feasible,3.219283632,SCIP_STATUS_OPTIMAL,1.207479561,SCIP_STATUS_OPTIMAL
random_separable_006,random_separable,0.9825795589568557,0.21533333333333335,0.9825795589568557,1.0,0.9773134142390623,0.98,0.9825795589568557,1.0,reduced,reduced,reduced,reduced,feasible,3.086747818,SCIP_STATUS_OPTIMAL,1.70837581,SCIP_STATUS_OPTIMAL
random_separable_007,random_separable,1.0,0.21042857142857144,1.0,1.0,1.0,1.0,1.0,1.0,feasible,reduced,feasible,feasible,feasible,3.024135043,SCIP_STATUS_OPTIMAL,1.117314595,SCIP_STATUS_OPTIMAL
random_separable_008,random_separable,1.0,0.12533333333333335,1.0,1.0,1.0,1.0,1.0,1.0,feasible,reduced,feasible,feasible,feasible,3.204491139,SCIP_STATUS_OPTIMAL,1.178883301,SCIP_STATUS_OPTIMAL
random_separable_009,random_separable,0.9784907777481591,0.3021190476190476,0.9784907777481591,1.0,1.0,1.0,0.9784907777481591,1.0,feasible,reduced,feasible,feasible,feasible,3.225154574,SCIP_STATUS_OPTIMAL,1.444970045,SCIP_STATUS_OPTIMAL
random_separable_010,random_separable,0.9707805874987239,0.24198412698412697,0.9707805874987239,0.98,0.9779647268563032,0.98,0.9707805874987239,0.98,reduced,reduced,reduced,reduced,feasible,2.73828358,SCIP_STATUS_OPTIMAL,1.620744162,SCIP_STATUS_OPTIMAL
random_separable_011,random_separable,0.9940464851796889,0.24304761904761904,0.9940464851796889,1.0,0.9861763666753913,0.99,0.9940464851796889,1.0,feasible,reduced,feasible,reduced,feasible,3.194519465,SCIP_STATUS_OPTIMAL,1.501497747,SCIP_STATUS_OPTIMAL
random_separable_012,random_separable,0.9787333357390936,0.27854761904761904,0.9787333357390936,0.99,0.9905977076853153,0.98,0.9846655217122045,0.99,reduced,reduced,reduced,reduced,feasible,3.111097256,SCIP_STATUS_OPTIMAL,1.814606513,SCIP_STATUS_OPTIMAL
random_separable_013,random_separable,0.9873525113531275,0.24245238095238095,0.9873525113531275,0.99,1.0,1.0,0.9873525113531275,0.99,reduced,reduced,reduced,feasible,feasible,3.017125516,SCIP_STATUS_OPTIMAL,1.675239708,SCIP_STATUS_OPTIMAL
random_separable_014,random_separable,1.0,0.21385714285714286,1.0,1.0,1.0,1.0,1.0,1.0,feasible,reduced,feasible,feasible,feasible,3.131210258,SCIP_STATUS_OPTIMAL,1.161344065,SCIP_STATUS_OPTIMAL
random_separable_015,random_separable,1.0,0.2370357142857143,1.0,1.0,1.0,1.0,1.0,1.0,feasible,reduced,feasible,feasible,feasible,3.13626494,SCIP_STATUS_OPTIMAL,1.164075473,SCIP_STATUS_OPTIMAL
random_separable_016,random_separable,0.9898927354661087,0.27299999999999996,0.9898927354661087,0.99,1.0,1.0,0.9898927354661087,0.99,reduced,reduced,reduced,feasible,feasible,3.129703009,SCIP_STATUS_OPTIMAL,1.697744344,SCIP_STATUS_OPTIMAL
random_separable_017,random_separable,1.0,0.30254761904761907,1.0,1.0,1.0,1.0,1.0,1.0,feasible,reduced,feasible,feasible,feasible,3.109214506,SCIP_STATUS_OPTIMAL,1.147805967,SCIP_STATUS_OPTIMAL
random_separable_018,random_separable,0.9894172980255391,0.4204761904761905,0.9894172980255391,0.99,0.9844966218297654,0.97,0.9894172980255391,0.99,reduced,reduced,reduced,reduced,feasible,3.278455617,SCIP_STATUS_OPTIMAL,1.729543426,SCIP_STATUS_OPTIMAL
random_separable_019,random_separable,1.0,0.2653333333333333,1.0,1.0,1.0,1.0,1.0,1.0,feasible,reduced,feasible,feasible,feasible,3.18062142,SCIP_STATUS_OPTIMAL,1.177738568,SCIP_STATUS_OPTIMAL
random_separable_020,random_separable,1.0,0.4194166666666666,1.0,1.0,1.0,1.0,1.0,1.0,feasible,reduced,feasible,feasible,feasible,3.08431582,SCIP_STATUS_OPTIMAL,1.14560567,SCIP_STATUS_OPTIMAL
random_separable_021,random_separable,0.9738244278342787,0.24297619047619048,0.9738244278342787,1.0,1.0,1.0,0.9738244278342787,1.0,feasible,reduced,feasible,feasible,feasible,3.014095616,SCIP_STATUS_OPTIMAL,1.397163364,SCIP_STATUS_OPTIMAL
random_separable_022,random_separable,0.9942442501256933,0.2991190476190476,0.9942442501256933,1.0,0.9764735862652401,0.96,0.9942442501256933,1.0,feasible,reduced,feasible,reduced,feasible,3.149973912,SCIP_STATUS_OPTIMAL,1.489763435,SCIP_STATUS_OPTIMAL
random_separable_023,random_separable,0.9730910316212276,0.17485714285714285,0.9730910316212276,0.97,0.9825209898991604,0.95,0.9875477019570944,0.98,reduced,reduced,reduced,reduced,reduced,3.274729294,SCIP_STATUS_OPTIMAL,1.701836153,SCIP_STATUS_OPTIMAL
random_separable_024,random_separable,1.0,0.97,1.0,1.0,1.0,1.0,1.0,1.0,feasible,reduced,feasible,feasible,feasible,3.115254012,SCIP_STATUS_OPTIMAL,1.126314555,SCIP_STATUS_OPTIMAL
random_separable_025,random_separable,1.0,0.19402380952380952,1.0,1.0,1.0,1.0,1.0,1.0,feasible,reduced,feasible,feasible,feasible,3.173535291,SCIP_STATUS_OPTIMAL,1.174173961,SCIP_STATUS_OPTIMAL
random_separable_026,random_separable,1.0,0.20859523809523808,1.0,1.0,1.0,1.0,1.0,1.0,feasible,reduced,feasible,feasible,feasible,3.075728704,SCIP_STATUS_OPTIMAL,1.177869066,SCIP_STATUS_OPTIMAL
random_separable_027,random_separable,0.9779526928988284,0.15899999999999997,0.9779526928988284,0.98,0.985720279705988,0.97,0.9779526928988284,0.98,reduced,reduced,reduced,reduced,feasible,3.246733042,SCIP_STATUS_OPTIMAL,1.79730335,SCIP_STATUS_OPTIMAL
random_separable_028,random_separable,0.9821676879309207,0.2834047619047619,0.9821676879309207,0.99,0.9899323218063455,0.97,0.9821676879309207,0.99,reduced,reduced,reduced,reduced,feasible,3.19817547,SCIP_STATUS_OPTIMAL,1.742702987,SCIP_STATUS_OPTIMAL
random_separable_029,random_separable,1.0,0.19323015873015875,1.0,1.0,1.0,1.0,1.0,1.0,feasible,reduced,feasible,feasible,feasible,3.172751821,SCIP_STATUS_OPTIMAL,1.185806733,SCIP_STATUS_OPTIMAL
random_separable_030,random_separable,1.0,0.5181944444444444,1.0,1.0,1.0,1.0,1.0,1.0,feasible,reduced,feasible,feasible,feasible,3.11562552,SCIP_STATUS_OPTIMAL,1.127947789,SCIP_STATUS_OPTIMAL
