instance_name,type,domain_reduction_iso,bound_tightening_iso,domain_reduction_comb,bound_tightening_comb,domain_reduction_scip,bound_tightening_scip,domain_reduction_full,bound_tightening_full,status_parity,status_residue,status_comb,status_scip,status_full
embedding_exact_anchored_2con_001,embedding_exact_anchored_2con,0.18462054849488133,0.1721311475409836,0.18462054849488133,0.1721311475409836,-2.1996483157313453e-16,0.22131147540983606,0.08817523240306299,0.29508196721311475,reduced,reduced,reduced,reduced,reduced
embedding_exact_anchored_2con_002,embedding_exact_anchored_2con,0.19513953968040637,0.18032786885245902,0.19513953968040637,0.18032786885245902,0.04375333684466547,0.2786885245901639,0.20288401995451677,0.3524590163934426,reduced,reduced,reduced,reduced,reduced
embedding_exact_anchored_2con_003,embedding_exact_anchored_2con,0.24025757355643793,0.18032786885245902,0.24025757355643793,0.18032786885245902,-4.327312891154043e-16,0.14754098360655737,0.6167655628366666,0.6639344262295082,reduced,reduced,reduced,reduced,reduced
embedding_exact_anchored_2con_004,embedding_exact_anchored_2con,0.2073026952513375,0.19672131147540983,0.2073026952513375,0.19672131147540983,0.0007338814527406096,0.36885245901639346,0.17198673272087694,0.4426229508196721,reduced,reduced,reduced,reduced,reduced
embedding_exact_anchored_2con_005,embedding_exact_anchored_2con,0.25465204027316535,0.1721311475409836,0.25465204027316535,0.19672131147540983,0.012855867680140664,0.20491803278688525,0.28924450553231607,0.4672131147540984,reduced,reduced,reduced,reduced,reduced
embedding_exact_anchored_2con_006,embedding_exact_anchored_2con,0.2173103415801548,0.16393442622950818,0.2173103415801548,0.16393442622950818,-2.1145497124477208e-16,0.20491803278688525,0.14253452439566353,0.26229508196721313,reduced,reduced,reduced,reduced,reduced
embedding_exact_anchored_2con_007,embedding_exact_anchored_2con,0.20464368981586264,0.1721311475409836,0.20464368981586264,0.1721311475409836,-2.1601865782153692e-16,0.22950819672131148,0.18357068236935548,0.30327868852459017,reduced,reduced,reduced,reduced,reduced
embedding_exact_anchored_2con_008,embedding_exact_anchored_2con,0.1864278609044718,0.18032786885245902,0.1864278609044718,0.20491803278688525,0.05871491931603833,0.19672131147540983,0.20341078416884317,0.2459016393442623,reduced,reduced,reduced,reduced,reduced
embedding_exact_anchored_2con_009,embedding_exact_anchored_2con,0.19397228959579166,0.1721311475409836,0.19397228959579166,0.19672131147540983,0.012977624236276184,0.2540983606557377,0.3103236572411616,0.5081967213114754,reduced,reduced,reduced,reduced,reduced
embedding_exact_anchored_2con_010,embedding_exact_anchored_2con,0.21515989642052583,0.18032786885245902,0.21515989642052583,0.18032786885245902,0.0036566449951115055,0.20491803278688525,0.077015043773677,0.29508196721311475,reduced,reduced,reduced,reduced,reduced
embedding_exact_anchored_2con_011,embedding_exact_anchored_2con,0.22404289900296884,0.18032786885245902,0.22404289900296884,0.20491803278688525,0.027813732646740433,0.30327868852459017,0.171334843603816,0.36885245901639346,reduced,reduced,reduced,reduced,reduced
embedding_exact_anchored_2con_012,embedding_exact_anchored_2con,0.275195247016247,0.1721311475409836,0.275195247016247,0.19672131147540983,0.005394098580627009,0.18032786885245902,0.2923135695348384,0.36885245901639346,reduced,reduced,reduced,reduced,reduced
embedding_exact_anchored_2con_013,embedding_exact_anchored_2con,0.15128155229569912,0.1885245901639344,0.15128155229569912,0.1885245901639344,0.07810891198908289,0.28688524590163933,0.17377561488060447,0.3524590163934426,reduced,reduced,reduced,reduced,reduced
embedding_exact_anchored_2con_014,embedding_exact_anchored_2con,0.17530232342779498,0.1721311475409836,0.17530232342779498,0.19672131147540983,0.06595292341881424,0.29508196721311475,0.21718290601726953,0.4344262295081967,reduced,reduced,reduced,reduced,reduced
embedding_exact_anchored_2con_015,embedding_exact_anchored_2con,0.2983200231615518,0.1885245901639344,0.2983200231615518,0.3442622950819672,0.45629596186747734,0.6557377049180327,0.48759832410863113,0.6885245901639344,reduced,reduced,reduced,reduced,reduced
embedding_exact_anchored_laman_001,embedding_exact_anchored_laman,0.5652120964994923,0.15384615384615385,0.5652120964994923,0.5769230769230769,0.12192564495840895,0.2692307692307692,0.9045054297369539,0.9076923076923077,reduced,reduced,reduced,reduced,reduced
embedding_exact_anchored_laman_002,embedding_exact_anchored_laman,0.7319313392996414,0.15384615384615385,0.7319313392996414,0.6846153846153846,0.0038715797928595267,0.23076923076923078,0.8778037952356722,0.9076923076923077,reduced,reduced,reduced,reduced,reduced
embedding_exact_anchored_laman_003,embedding_exact_anchored_laman,0.23259889827972788,0.15384615384615385,0.23259889827972788,0.15384615384615385,2.2518512443500895e-16,0.2692307692307692,0.09812376933609829,0.33076923076923076,reduced,reduced,reduced,reduced,reduced
embedding_exact_anchored_laman_004,embedding_exact_anchored_laman,0.869051410780881,0.17692307692307693,0.869051410780881,0.8461538461538461,0.004246749486071359,0.2692307692307692,1.0,1.0,reduced,reduced,reduced,reduced,feasible
embedding_exact_anchored_laman_005,embedding_exact_anchored_laman,0.25720328209421595,0.19230769230769232,0.25720328209421595,0.2153846153846154,0.0006331700363379655,0.3,0.186817922108917,0.4153846153846154,reduced,reduced,reduced,reduced,reduced
embedding_exact_anchored_laman_006,embedding_exact_anchored_laman,0.38686030055083864,0.17692307692307693,0.38686030055083864,0.17692307692307693,0.004255835898479911,0.25384615384615383,0.8047887115303661,0.8538461538461538,reduced,reduced,reduced,reduced,reduced
embedding_exact_anchored_laman_007,embedding_exact_anchored_laman,0.26154250662861284,0.2,0.26154250662861284,0.2,0.0,0.23846153846153847,0.8434754348021861,0.9,reduced,reduced,reduced,reduced,reduced
embedding_exact_anchored_laman_008,embedding_exact_anchored_laman,0.22867494604663172,0.14615384615384616,0.22867494604663172,0.16923076923076924,0.06487216227063874,0.18461538461538463,0.27791460538307466,0.2692307692307692,reduced,reduced,reduced,reduced,reduced
embedding_exact_anchored_laman_009,embedding_exact_anchored_laman,0.810328176936276,0.17692307692307693,0.810328176936276,0.7153846153846154,0.30593900077507336,0.4846153846153846,0.9321439357670458,0.9307692307692308,reduced,reduced,reduced,reduced,reduced
embedding_exact_anchored_laman_010,embedding_exact_anchored_laman,0.6690749910960261,0.2153846153846154,0.6690749910960261,0.6153846153846154,1.1463897168506077e-16,0.2923076923076923,0.9692225327024908,0.9846153846153847,reduced,reduced,reduced,reduced,reduced
embedding_exact_anchored_laman_011,embedding_exact_anchored_laman,0.2650590108053331,0.16153846153846155,0.2650590108053331,0.18461538461538463,0.00216947618995636,0.18461538461538463,0.20200339816443685,0.24615384615384617,reduced,reduced,reduced,reduced,reduced
embedding_exact_anchored_laman_012,embedding_exact_anchored_laman,0.573601532103188,0.15384615384615385,0.573601532103188,0.4461538461538462,0.04599656798242636,0.24615384615384617,0.8744205630493951,0.9,reduced,reduced,reduced,reduced,reduced
embedding_exact_anchored_laman_013,embedding_exact_anchored_laman,0.32511695016980346,0.18461538461538463,0.32511695016980346,0.26153846153846155,0.18183392353720804,0.3230769230769231,0.4224522916195731,0.4461538461538462,reduced,reduced,reduced,reduced,reduced
embedding_exact_anchored_laman_014,embedding_exact_anchored_laman,0.5790480928780749,0.16923076923076924,0.5790480928780749,0.5461538461538461,0.010356057997718352,0.3076923076923077,0.9231791363064938,0.9538461538461539,reduced,reduced,reduced,reduced,reduced
embedding_exact_anchored_laman_015,embedding_exact_anchored_laman,0.22168852314206333,0.16923076923076924,0.22168852314206333,0.19230769230769232,-4.317680435177456e-16,0.2923076923076923,0.05884256490956158,0.4,reduced,reduced,reduced,reduced,reduced
embedding_exact_infeasible_bounding_box_001,embedding_exact_infeasible_bounding_box,0.42329768788822475,0.16793893129770993,0.42329768788822475,0.3511450381679389,0.19120480045329907,0.48854961832061067,1.0,0.3511450381679389,reduced,reduced,reduced,reduced,infeasible
embedding_exact_infeasible_bounding_box_002,embedding_exact_infeasible_bounding_box,1.0,0.16793893129770993,1.0,0.19083969465648856,0.1124343241503944,0.3969465648854962,1.0,0.19083969465648856,infeasible,reduced,infeasible,reduced,infeasible
embedding_exact_infeasible_bounding_box_003,embedding_exact_infeasible_bounding_box,1.0,0.16793893129770993,1.0,0.16793893129770993,1.0,0.09923664122137404,1.0,0.16793893129770993,infeasible,reduced,infeasible,infeasible,infeasible
embedding_exact_infeasible_bounding_box_004,embedding_exact_infeasible_bounding_box,0.2149089066942788,0.17557251908396945,0.2149089066942788,0.17557251908396945,0.04069799787089184,0.4351145038167939,0.12144911410168566,0.4961832061068702,reduced,reduced,reduced,reduced,reduced
embedding_exact_infeasible_bounding_box_005,embedding_exact_infeasible_bounding_box,0.2438143850727664,0.183206106870229,0.2438143850727664,0.20610687022900764,0.1150154440639654,0.4580152671755725,1.0,0.48091603053435117,reduced,reduced,reduced,reduced,infeasible
embedding_exact_infeasible_bounding_box_006,embedding_exact_infeasible_bounding_box,1.0,0.17557251908396945,1.0,0.17557251908396945,1.0,0.0916030534351145,1.0,0.17557251908396945,infeasible,reduced,infeasible,infeasible,infeasible
embedding_exact_infeasible_bounding_box_007,embedding_exact_infeasible_bounding_box,0.3021133341817279,0.1984732824427481,0.3021133341817279,0.1984732824427481,1.0,0.0916030534351145,1.0,0.1984732824427481,reduced,reduced,reduced,infeasible,infeasible
embedding_exact_infeasible_bounding_box_008,embedding_exact_infeasible_bounding_box,1.0,0.17557251908396945,1.0,0.25190839694656486,1.0,0.0916030534351145,1.0,0.25190839694656486,infeasible,reduced,infeasible,infeasible,infeasible
embedding_exact_infeasible_bounding_box_009,embedding_exact_infeasible_bounding_box,0.31633099359592143,0.17557251908396945,0.31633099359592143,0.17557251908396945,1.0,0.0916030534351145,1.0,0.17557251908396945,reduced,reduced,reduced,infeasible,infeasible
embedding_exact_infeasible_bounding_box_010,embedding_exact_infeasible_bounding_box,0.3307786143268049,0.16030534351145037,0.3307786143268049,0.183206106870229,0.06696663261329966,0.45038167938931295,1.0,0.5038167938931297,reduced,reduced,reduced,reduced,infeasible
embedding_exact_infeasible_bounding_box_011,embedding_exact_infeasible_bounding_box,0.21101976771123135,0.17557251908396945,0.21101976771123135,0.17557251908396945,0.032145498135553875,0.3816793893129771,1.0,0.46564885496183206,reduced,reduced,reduced,reduced,infeasible
embedding_exact_infeasible_bounding_box_012,embedding_exact_infeasible_bounding_box,0.3156627424073852,0.1984732824427481,0.3156627424073852,0.25190839694656486,1.0,0.0916030534351145,1.0,0.4351145038167939,reduced,reduced,reduced,infeasible,infeasible
embedding_exact_infeasible_bounding_box_013,embedding_exact_infeasible_bounding_box,1.0,0.16793893129770993,1.0,0.26717557251908397,1.0,0.09923664122137404,1.0,0.26717557251908397,infeasible,reduced,infeasible,infeasible,infeasible
embedding_exact_infeasible_bounding_box_014,embedding_exact_infeasible_bounding_box,1.0,0.183206106870229,1.0,0.25190839694656486,1.0,0.4961832061068702,1.0,0.25190839694656486,infeasible,reduced,infeasible,infeasible,infeasible
embedding_exact_infeasible_bounding_box_015,embedding_exact_infeasible_bounding_box,0.3044640487139237,0.183206106870229,0.3044640487139237,0.20610687022900764,1.0,0.44274809160305345,1.0,0.20610687022900764,reduced,reduced,reduced,infeasible,infeasible
embedding_exact_infeasible_vertex_contraction_001,embedding_exact_infeasible_vertex_contraction,1.0,0.24060150375939848,1.0,0.24060150375939848,0.06425069554260232,0.18045112781954886,1.0,0.24060150375939848,infeasible,reduced,infeasible,reduced,infeasible
embedding_exact_infeasible_vertex_contraction_002,embedding_exact_infeasible_vertex_contraction,1.0,0.17293233082706766,1.0,0.17293233082706766,0.0468491891298141,0.24812030075187969,1.0,0.17293233082706766,infeasible,reduced,infeasible,reduced,infeasible
embedding_exact_infeasible_vertex_contraction_003,embedding_exact_infeasible_vertex_contraction,1.0,0.2556390977443609,1.0,0.2781954887218045,1.0,0.12781954887218044,1.0,0.2781954887218045,infeasible,reduced,infeasible,infeasible,infeasible
embedding_exact_infeasible_vertex_contraction_004,embedding_exact_infeasible_vertex_contraction,1.0,0.22556390977443608,1.0,0.22556390977443608,0.11785022379087776,0.21052631578947367,1.0,0.22556390977443608,infeasible,reduced,infeasible,reduced,infeasible
embedding_exact_infeasible_vertex_contraction_005,embedding_exact_infeasible_vertex_contraction,1.0,0.16541353383458646,1.0,0.16541353383458646,0.053220206624817086,0.23308270676691728,1.0,0.16541353383458646,infeasible,reduced,infeasible,reduced,infeasible
embedding_exact_infeasible_vertex_contraction_006,embedding_exact_infeasible_vertex_contraction,1.0,0.16541353383458646,1.0,0.16541353383458646,0.044244077222536794,0.21804511278195488,1.0,0.16541353383458646,infeasible,reduced,infeasible,reduced,infeasible
embedding_exact_infeasible_vertex_contraction_007,embedding_exact_infeasible_vertex_contraction,1.0,0.16541353383458646,1.0,0.16541353383458646,0.11769856153876768,0.23308270676691728,1.0,0.16541353383458646,infeasible,reduced,infeasible,reduced,infeasible
embedding_exact_infeasible_vertex_contraction_008,embedding_exact_infeasible_vertex_contraction,1.0,0.17293233082706766,1.0,0.17293233082706766,1.0,0.11278195488721804,1.0,0.17293233082706766,infeasible,reduced,infeasible,infeasible,infeasible
embedding_exact_infeasible_vertex_contraction_009,embedding_exact_infeasible_vertex_contraction,1.0,0.3157894736842105,1.0,0.3157894736842105,1.0,0.13533834586466165,1.0,0.3157894736842105,infeasible,infeasible,infeasible,infeasible,infeasible
embedding_exact_infeasible_vertex_contraction_010,embedding_exact_infeasible_vertex_contraction,1.0,0.19548872180451127,1.0,0.19548872180451127,1.0,0.10526315789473684,1.0,0.19548872180451127,infeasible,reduced,infeasible,infeasible,infeasible
embedding_exact_infeasible_vertex_contraction_011,embedding_exact_infeasible_vertex_contraction,1.0,0.007518796992481203,1.0,0.007518796992481203,1.0,0.045112781954887216,1.0,0.007518796992481203,infeasible,infeasible,infeasible,infeasible,infeasible
embedding_exact_infeasible_vertex_contraction_012,embedding_exact_infeasible_vertex_contraction,1.0,0.17293233082706766,1.0,0.17293233082706766,1.0,0.10526315789473684,1.0,0.17293233082706766,infeasible,reduced,infeasible,infeasible,infeasible
embedding_exact_infeasible_vertex_contraction_013,embedding_exact_infeasible_vertex_contraction,1.0,0.16541353383458646,1.0,0.16541353383458646,0.05637895263568203,0.20300751879699247,1.0,0.16541353383458646,infeasible,reduced,infeasible,reduced,infeasible
embedding_exact_infeasible_vertex_contraction_014,embedding_exact_infeasible_vertex_contraction,1.0,0.16541353383458646,1.0,0.16541353383458646,1.0,0.10526315789473684,1.0,0.16541353383458646,infeasible,reduced,infeasible,infeasible,infeasible
embedding_exact_infeasible_vertex_contraction_015,embedding_exact_infeasible_vertex_contraction,1.0,0.19548872180451127,1.0,0.19548872180451127,0.09732409436595695,0.23308270676691728,1.0,0.19548872180451127,infeasible,reduced,infeasible,reduced,infeasible
embedding_exact_unanchored_2con_001,embedding_exact_unanchored_2con,0.16664000670419202,0.1267605633802817,0.16664000670419202,0.1267605633802817,0.004868594084252783,0.1267605633802817,0.027613848284904745,0.1267605633802817,reduced,reduced,reduced,reduced,reduced
embedding_exact_unanchored_2con_002,embedding_exact_unanchored_2con,0.15638287796169273,0.1267605633802817,0.15638287796169273,0.1267605633802817,0.0046254629603883525,0.1267605633802817,0.10540465859931758,0.1267605633802817,reduced,reduced,reduced,reduced,reduced
embedding_exact_unanchored_2con_003,embedding_exact_unanchored_2con,0.17130337140361757,0.15492957746478872,0.17130337140361757,0.15492957746478872,0.004984796936828488,0.15492957746478872,0.15381449518419663,0.15492957746478872,reduced,reduced,reduced,reduced,reduced
embedding_exact_unanchored_2con_004,embedding_exact_unanchored_2con,0.14754357021331124,0.15492957746478872,0.14754357021331124,0.15492957746478872,0.004761089587200213,0.15492957746478872,0.0998427753079355,0.15492957746478872,reduced,reduced,reduced,reduced,reduced
embedding_exact_unanchored_2con_005,embedding_exact_unanchored_2con,0.17415203835286452,0.11267605633802817,0.17415203835286452,0.11267605633802817,0.0048297216454908365,0.11267605633802817,0.060440387666124994,0.11267605633802817,reduced,reduced,reduced,reduced,reduced
embedding_exact_unanchored_2con_006,embedding_exact_unanchored_2con,0.16896238661149945,0.11267605633802817,0.16896238661149945,0.11267605633802817,0.004639053413693784,0.11267605633802817,0.12946287390182587,0.11267605633802817,reduced,reduced,reduced,reduced,reduced
embedding_exact_unanchored_2con_007,embedding_exact_unanchored_2con,0.1577817484429227,0.1267605633802817,0.1577817484429227,0.1267605633802817,0.004731355455729247,0.1267605633802817,0.11747457864247325,0.1267605633802817,reduced,reduced,reduced,reduced,reduced
embedding_exact_unanchored_2con_008,embedding_exact_unanchored_2con,0.13768813294061025,0.08450704225352113,0.13768813294061025,0.08450704225352113,0.004686043934366023,0.08450704225352113,0.11890681433892297,0.08450704225352113,reduced,reduced,reduced,reduced,reduced
embedding_exact_unanchored_2con_009,embedding_exact_unanchored_2con,0.12310587539693102,0.14084507042253522,0.12310587539693102,0.14084507042253522,0.004658805386707169,0.14084507042253522,0.10210391359670776,0.14084507042253522,reduced,reduced,reduced,reduced,reduced
embedding_exact_unanchored_2con_010,embedding_exact_unanchored_2con,0.17879726682565478,0.14084507042253522,0.17879726682565478,0.14084507042253522,0.004848262249504038,0.14084507042253522,-0.02770288677214789,0.14084507042253522,reduced,reduced,reduced,reduced,reduced
embedding_exact_unanchored_2con_011,embedding_exact_unanchored_2con,0.1518808600829797,0.1267605633802817,0.1518808600829797,0.1267605633802817,0.004805772932541821,0.1267605633802817,0.08924714404996699,0.1267605633802817,reduced,reduced,reduced,reduced,reduced
embedding_exact_unanchored_2con_012,embedding_exact_unanchored_2con,0.16639544951695626,0.09859154929577464,0.16639544951695626,0.09859154929577464,0.004578873734959947,0.09859154929577464,-0.017148050644451976,0.09859154929577464,reduced,reduced,reduced,reduced,reduced
embedding_exact_unanchored_2con_013,embedding_exact_unanchored_2con,0.13361837340061317,0.11267605633802817,0.13361837340061317,0.11267605633802817,0.004698042313946928,0.11267605633802817,0.05590449419380554,0.11267605633802817,reduced,reduced,reduced,reduced,reduced
embedding_exact_unanchored_2con_014,embedding_exact_unanchored_2con,0.1199040296597898,0.14084507042253522,0.1199040296597898,0.14084507042253522,0.004722444022543601,0.14084507042253522,0.08676823036764887,0.14084507042253522,reduced,reduced,reduced,reduced,reduced
embedding_exact_unanchored_2con_015,embedding_exact_unanchored_2con,0.14671618542911302,0.15492957746478872,0.14671618542911302,0.15492957746478872,0.004463955746759689,0.15492957746478872,0.08411904881885232,0.15492957746478872,reduced,reduced,reduced,reduced,reduced
embedding_exact_unanchored_laman_001,embedding_exact_unanchored_laman,0.15433814679989283,0.13924050632911392,0.15433814679989283,0.13924050632911392,0.004857473860537179,0.13924050632911392,0.07400152383938237,0.13924050632911392,reduced,reduced,reduced,reduced,reduced
embedding_exact_unanchored_laman_002,embedding_exact_unanchored_laman,0.19984121010795222,0.1518987341772152,0.19984121010795222,0.1518987341772152,0.004970844348353734,0.1518987341772152,-0.05683611380665012,0.1518987341772152,reduced,reduced,reduced,reduced,reduced
embedding_exact_unanchored_laman_003,embedding_exact_unanchored_laman,0.1432988346970329,0.10126582278481013,0.1432988346970329,0.10126582278481013,0.004638558733695977,0.10126582278481013,0.07820840189643195,0.10126582278481013,reduced,reduced,reduced,reduced,reduced
embedding_exact_unanchored_laman_004,embedding_exact_unanchored_laman,0.19218643255082804,0.11392405063291139,0.19218643255082804,0.11392405063291139,0.004723799014803088,0.11392405063291139,0.031173630200591537,0.11392405063291139,reduced,reduced,reduced,reduced,reduced
embedding_exact_unanchored_laman_005,embedding_exact_unanchored_laman,0.14974056942461922,0.1518987341772152,0.14974056942461922,0.1518987341772152,0.004938610887661862,0.1518987341772152,0.10271667656623784,0.1518987341772152,reduced,reduced,reduced,reduced,reduced
embedding_exact_unanchored_laman_006,embedding_exact_unanchored_laman,0.15449168850493983,0.11392405063291139,0.15449168850493983,0.11392405063291139,0.004787201863757983,0.11392405063291139,0.010490554220017288,0.11392405063291139,reduced,reduced,reduced,reduced,reduced
embedding_exact_unanchored_laman_007,embedding_exact_unanchored_laman,0.13863763641922172,0.11392405063291139,0.13863763641922172,0.11392405063291139,0.004628989060896961,0.11392405063291139,0.01806075766863752,0.11392405063291139,reduced,reduced,reduced,reduced,reduced
embedding_exact_unanchored_laman_008,embedding_exact_unanchored_laman,0.170077822087201,0.08860759493670886,0.170077822087201,0.08860759493670886,0.0046121395164205195,0.08860759493670886,0.12848253155819822,0.08860759493670886,reduced,reduced,reduced,reduced,reduced
embedding_exact_unanchored_laman_009,embedding_exact_unanchored_laman,0.19740697210034794,0.13924050632911392,0.19740697210034794,0.13924050632911392,0.0049908366888415335,0.13924050632911392,0.07233904266149893,0.13924050632911392,reduced,reduced,reduced,reduced,reduced
embedding_exact_unanchored_laman_010,embedding_exact_unanchored_laman,0.14341735918431844,0.08860759493670886,0.14341735918431844,0.08860759493670886,0.00464054088827861,0.08860759493670886,0.0596874629073599,0.08860759493670886,reduced,reduced,reduced,reduced,reduced
embedding_exact_unanchored_laman_011,embedding_exact_unanchored_laman,0.15997487320105477,0.08860759493670886,0.15997487320105477,0.08860759493670886,0.004742084336050887,0.08860759493670886,0.0791662626723591,0.08860759493670886,reduced,reduced,reduced,reduced,reduced
embedding_exact_unanchored_laman_012,embedding_exact_unanchored_laman,0.17666227519675465,0.1518987341772152,0.17666227519675465,0.1518987341772152,0.004838367259381312,0.1518987341772152,0.1281708916060933,0.1518987341772152,reduced,reduced,reduced,reduced,reduced
embedding_exact_unanchored_laman_013,embedding_exact_unanchored_laman,0.16771021715910125,0.16455696202531644,0.16771021715910125,0.16455696202531644,0.004985508105783339,0.16455696202531644,0.06279954925061727,0.16455696202531644,reduced,reduced,reduced,reduced,reduced
embedding_exact_unanchored_laman_014,embedding_exact_unanchored_laman,0.15773018289573745,0.11392405063291139,0.15773018289573745,0.11392405063291139,0.004603915062605134,0.11392405063291139,0.11851084927571769,0.11392405063291139,reduced,reduced,reduced,reduced,reduced
embedding_exact_unanchored_laman_015,embedding_exact_unanchored_laman,0.16394479717333116,0.11392405063291139,0.16394479717333116,0.11392405063291139,0.004792637224901936,0.11392405063291139,0.07270019353197317,0.11392405063291139,reduced,reduced,reduced,reduced,reduced
embedding_inexact_anchored_2con_001,embedding_inexact_anchored_2con,0.0,0.14691217020190508,0.0,0.14691217020190508,0.0050186056864413514,0.18796992481203006,0.0050186056864413514,0.2446565311041607,reduced,reduced,reduced,reduced,reduced
embedding_inexact_anchored_2con_002,embedding_inexact_anchored_2con,0.0,0.17507001984356674,0.0,0.17507001984356674,0.0006534430511633603,0.22556390977443608,0.0006534430511633603,0.31040836570822844,reduced,reduced,reduced,reduced,reduced
embedding_inexact_anchored_2con_003,embedding_inexact_anchored_2con,0.0,0.1880589197918205,0.0,0.1880589197918205,0.004960314775008298,0.13533834586466165,0.004960314775008298,0.22565290475422653,reduced,reduced,reduced,reduced,reduced
embedding_inexact_anchored_2con_004,embedding_inexact_anchored_2con,0.004601607578556136,0.1660107602281037,0.004601607578556136,0.1660107602281037,0.0,0.10526315789473684,0.004601607578555946,0.1660107602281037,reduced,reduced,reduced,reduced,reduced
embedding_inexact_anchored_2con_005,embedding_inexact_anchored_2con,0.0,0.16134975957805608,0.0,0.16134975957805608,1.8972039837163946e-16,0.10526315789473684,1.8972039837163946e-16,0.16134975957805608,reduced,reduced,reduced,reduced,reduced
embedding_inexact_anchored_2con_006,embedding_inexact_anchored_2con,0.0,0.15728729777601863,0.0,0.15728729777601863,0.026014982237479254,0.2857142857142857,0.026014982237479254,0.33744348406403935,reduced,reduced,reduced,reduced,reduced
embedding_inexact_anchored_2con_007,embedding_inexact_anchored_2con,0.0,0.20321525001030033,0.0,0.20321525001030033,0.06573657937924376,0.2631578947368421,0.06573657937924376,0.3380772141472888,reduced,reduced,reduced,reduced,reduced
embedding_inexact_anchored_2con_008,embedding_inexact_anchored_2con,0.0,0.16538231801716222,0.0,0.16538231801716222,0.009144991460603838,0.24060150375939848,0.009144991460603838,0.3157582578667863,reduced,reduced,reduced,reduced,reduced
embedding_inexact_anchored_2con_009,embedding_inexact_anchored_2con,0.0,0.19523175559505157,0.0,0.19523175559505157,0.0,0.16541353383458646,0.0,0.2629009285273824,reduced,reduced,reduced,reduced,reduced
embedding_inexact_anchored_2con_010,embedding_inexact_anchored_2con,0.011033170812539033,0.16985424576655214,0.011033170812539033,0.16985424576655214,0.037896731034003504,0.3609022556390977,0.04368303380532777,0.4325780117031327,reduced,reduced,reduced,reduced,reduced
embedding_inexact_anchored_2con_011,embedding_inexact_anchored_2con,0.009039516513936348,0.17181061007942264,0.009039516513936348,0.17181061007942264,0.005805339068133028,0.21804511278195488,0.01484485558206917,0.28459256496664065,reduced,reduced,reduced,reduced,reduced
embedding_inexact_anchored_2con_012,embedding_inexact_anchored_2con,0.0,0.16392436741451832,0.0,0.16392436741451832,-3.8462033585145945e-16,0.22556390977443608,-3.8462033585145945e-16,0.2917439162866988,reduced,reduced,reduced,reduced,reduced
embedding_inexact_anchored_2con_013,embedding_inexact_anchored_2con,0.010436495976313454,0.18045911687587446,0.010436495976313454,0.18045911687587446,0.019549042267998917,0.19548872180451127,0.031115531437020463,0.2782034777781301,reduced,reduced,reduced,reduced,reduced
embedding_inexact_anchored_2con_014,embedding_inexact_anchored_2con,0.0,0.17707259209841195,0.0,0.17707259209841195,0.007905519528615635,0.17293233082706766,0.007905519528615635,0.25977935901570515,reduced,reduced,reduced,reduced,reduced
embedding_inexact_anchored_2con_015,embedding_inexact_anchored_2con,0.0,0.18379632943638666,0.0,0.18379632943638666,0.033393129803558616,0.24060150375939848,0.033393129803558616,0.3112203759780803,reduced,reduced,reduced,reduced,reduced
embedding_inexact_anchored_laman_001,embedding_inexact_anchored_laman,0.0,0.176780418885122,0.0,0.176780418885122,0.0050417820158122845,0.16428571428571428,0.0050417820158122845,0.24820899031369342,reduced,reduced,reduced,reduced,reduced
embedding_inexact_anchored_laman_002,embedding_inexact_anchored_laman,0.0,0.17623904908850807,0.0,0.17623904908850807,0.02028960154118428,0.2714285714285714,0.02028960154118428,0.3619533348027938,reduced,reduced,reduced,reduced,reduced
embedding_inexact_anchored_laman_003,embedding_inexact_anchored_laman,0.0,0.1623109170470888,0.0,0.1623109170470888,-3.9033702547388895e-16,0.19285714285714287,-3.9033702547388895e-16,0.269453774189946,reduced,reduced,reduced,reduced,reduced
embedding_inexact_anchored_laman_004,embedding_inexact_anchored_laman,0.0,0.17326335675568702,0.0,0.17326335675568702,0.013332700443994979,0.20714285714285716,0.013285345774097837,0.29469192818425843,reduced,reduced,reduced,reduced,reduced
embedding_inexact_anchored_laman_005,embedding_inexact_anchored_laman,0.0,0.19410739600945956,0.0,0.19410739600945956,0.0005804675992563737,0.10714285714285714,0.0005804675992563737,0.2012502531523167,reduced,reduced,reduced,reduced,reduced
embedding_inexact_anchored_laman_006,embedding_inexact_anchored_laman,0.0,0.1880918680346456,0.0,0.1880918680346456,0.0033812254299542244,0.16428571428571428,0.0033812254299542244,0.259520439463217,reduced,reduced,reduced,reduced,reduced
embedding_inexact_anchored_laman_007,embedding_inexact_anchored_laman,0.0,0.17589824605427953,0.0,0.17589824605427953,0.03475599231035601,0.3,0.03475599231035601,0.36829057798705267,reduced,reduced,reduced,reduced,reduced
embedding_inexact_anchored_laman_008,embedding_inexact_anchored_laman,0.0,0.19258091141428604,0.0,0.19258091141428604,0.0014176431146631318,0.2571428571428571,0.0014176431146631318,0.3640094828428575,reduced,reduced,reduced,reduced,reduced
embedding_inexact_anchored_laman_009,embedding_inexact_anchored_laman,0.00968304519693976,0.17159025112285126,0.00968304519693976,0.17099422908813666,0.0,0.25,0.004649709327515427,0.3352799433738509,reduced,reduced,reduced,reduced,reduced
embedding_inexact_anchored_laman_010,embedding_inexact_anchored_laman,0.0,0.1948639452182209,0.0,0.1948639452182209,0.13734995343282397,0.2642857142857143,0.13734995343282397,0.3445693143951043,reduced,reduced,reduced,reduced,reduced
embedding_inexact_anchored_laman_011,embedding_inexact_anchored_laman,0.0,0.1949597428964034,0.0,0.1949597428964034,0.0016570346122262384,0.11428571428571428,0.0016570346122262384,0.21638831432497482,reduced,reduced,reduced,reduced,reduced
embedding_inexact_anchored_laman_012,embedding_inexact_anchored_laman,0.0,0.16812897513719646,0.0,0.16812897513719646,-2.029693715227546e-16,0.22142857142857142,-2.029693715227546e-16,0.296700403708625,reduced,reduced,reduced,reduced,reduced
embedding_inexact_anchored_laman_013,embedding_inexact_anchored_laman,0.0,0.1781968687807598,0.0,0.1781968687807598,0.003489422356885186,0.25,0.003489422356885186,0.34248258306647406,reduced,reduced,reduced,reduced,reduced
embedding_inexact_anchored_laman_014,embedding_inexact_anchored_laman,0.0,0.1786274427259321,0.005102312148296807,0.1786274427259321,0.004777547108442606,0.2642857142857143,0.010768029047587804,0.3643417284402178,reduced,reduced,reduced,reduced,reduced
embedding_inexact_anchored_laman_015,embedding_inexact_anchored_laman,0.00967303047286019,0.16071830231329984,0.00967303047286019,0.16071830231329984,-2.0078275410050878e-16,0.25,0.00967303047286019,0.3250040165990141,reduced,reduced,reduced,reduced,reduced
embedding_inexact_unanchored_2con_001,embedding_inexact_unanchored_2con,0.004310519919136078,0.09665793124170993,0.004310519919136078,0.09665793124170993,0.004310519919135901,0.07692307692307693,0.004310519919135901,0.09665793124170993,reduced,reduced,reduced,reduced,reduced
embedding_inexact_unanchored_2con_002,embedding_inexact_unanchored_2con,0.004147865795309764,0.11902964922044071,0.004147865795309764,0.11902964922044071,0.004147865795309764,0.08974358974358974,0.004147865795309764,0.11902964922044071,reduced,reduced,reduced,reduced,reduced
embedding_inexact_unanchored_2con_003,embedding_inexact_unanchored_2con,0.004302930955796232,0.1289472944088599,0.004302930955796232,0.1289472944088599,0.004302930955796055,0.08974358974358974,0.004302930955796055,0.1289472944088599,reduced,reduced,reduced,reduced,reduced
embedding_inexact_unanchored_2con_004,embedding_inexact_unanchored_2con,0.008804487565406326,0.13114655269663836,0.008804487565406326,0.13114655269663836,0.004416466798080882,0.10256410256410256,0.008804487565405963,0.13114655269663836,reduced,reduced,reduced,reduced,reduced
embedding_inexact_unanchored_2con_005,embedding_inexact_unanchored_2con,0.004279084046300983,0.16098141096560914,0.004279084046300983,0.16098141096560914,0.004279084046300983,0.1282051282051282,0.004279084046300983,0.16098141096560914,reduced,reduced,reduced,reduced,reduced
embedding_inexact_unanchored_2con_006,embedding_inexact_unanchored_2con,0.004141488717495845,0.10150937582396986,0.004141488717495845,0.10150937582396986,0.004141488717495675,0.08974358974358974,0.004141488717495675,0.10150937582396986,reduced,reduced,reduced,reduced,reduced
embedding_inexact_unanchored_2con_007,embedding_inexact_unanchored_2con,0.004328490193752677,0.11578720302917439,0.004328490193752677,0.11578720302917439,0.004328490193752499,0.10256410256410256,0.004328490193752499,0.11578720302917439,reduced,reduced,reduced,reduced,reduced
embedding_inexact_unanchored_2con_008,embedding_inexact_unanchored_2con,0.004290358336816451,0.11533138841387916,0.004290358336816451,0.11533138841387916,0.004290358336816451,0.10256410256410256,0.004290358336816451,0.11533138841387916,reduced,reduced,reduced,reduced,reduced
embedding_inexact_unanchored_2con_009,embedding_inexact_unanchored_2con,0.004421401074414881,0.14083886329845016,0.004421401074414881,0.14083886329845016,0.004421401074414881,0.10256410256410256,0.004421401074414881,0.14083886329845016,reduced,reduced,reduced,reduced,reduced
embedding_inexact_unanchored_2con_010,embedding_inexact_unanchored_2con,0.014238136650219887,0.1482386498327107,0.014238136650219887,0.1482386498327107,0.004641877320922672,0.1282051282051282,0.014238136650219696,0.16105916265322354,reduced,reduced,reduced,reduced,reduced
embedding_inexact_unanchored_2con_011,embedding_inexact_unanchored_2con,0.012576819365237116,0.13911296334055395,0.012576819365237116,0.13911296334055395,0.004307133038338609,0.10256410256410256,0.012576819365237116,0.13911296334055395,reduced,reduced,reduced,reduced,reduced
embedding_inexact_unanchored_2con_012,embedding_inexact_unanchored_2con,0.004108258936068682,0.13858138812228646,0.004108258936068682,0.13858138812228646,0.004108258936068513,0.1282209559987338,0.004108258936068513,0.13858138812228646,reduced,reduced,reduced,reduced,reduced
embedding_inexact_unanchored_2con_013,embedding_inexact_unanchored_2con,0.013429823819632966,0.12821875057040133,0.013429823819632966,0.12149645475642473,0.004506569271453359,0.10256410256410256,0.008913314124987205,0.12149645475642473,reduced,reduced,reduced,reduced,reduced
embedding_inexact_unanchored_2con_014,embedding_inexact_unanchored_2con,0.004099631394135871,0.10962377883447164,0.004099631394135871,0.10962377883447164,0.004099631394135871,0.08974358974358974,0.004099631394135871,0.10962377883447164,reduced,reduced,reduced,reduced,reduced
embedding_inexact_unanchored_2con_015,embedding_inexact_unanchored_2con,0.004403746004131744,0.1467296386543516,0.004403746004131744,0.1467296386543516,0.004403746004132105,0.11538461538461539,0.004403746004132105,0.1467296386543516,reduced,reduced,reduced,reduced,reduced
embedding_inexact_unanchored_laman_001,embedding_inexact_unanchored_laman,0.0045686612736063285,0.14999127816373037,0.0045686612736063285,0.14999127816373037,0.004568661273606516,0.11764705882352941,0.004568661273606516,0.14999127816373037,reduced,reduced,reduced,reduced,reduced
embedding_inexact_unanchored_laman_002,embedding_inexact_unanchored_laman,0.004700940436155631,0.13733490438107218,0.004700940436155631,0.13733490438107218,0.004700940436155631,0.10588235294117647,0.004700940436155631,0.13733490438107218,reduced,reduced,reduced,reduced,reduced
embedding_inexact_unanchored_laman_003,embedding_inexact_unanchored_laman,0.004274042474219579,0.11439445160696977,0.004274042474219579,0.11439445160696977,0.004274042474219404,0.10588235294117647,0.004274042474219404,0.11439445160696977,reduced,reduced,reduced,reduced,reduced
embedding_inexact_unanchored_laman_004,embedding_inexact_unanchored_laman,0.0043667070770623696,0.14419846995054333,0.0043667070770623696,0.14419846995054333,0.004366707077062549,0.12941176470588237,0.004366707077062549,0.14419846995054333,reduced,reduced,reduced,reduced,reduced
embedding_inexact_unanchored_laman_005,embedding_inexact_unanchored_laman,0.004607753027665509,0.1667846655399111,0.004607753027665509,0.1667846655399111,0.00460775302766532,0.12941176470588237,0.00460775302766532,0.1667846655399111,reduced,reduced,reduced,reduced,reduced
embedding_inexact_unanchored_laman_006,embedding_inexact_unanchored_laman,0.0046717339768047985,0.18047094098390284,0.0046717339768047985,0.18047094098390284,0.004671733976805374,0.15294117647058825,0.004671733976805374,0.18047094098390284,reduced,reduced,reduced,reduced,reduced
embedding_inexact_unanchored_laman_007,embedding_inexact_unanchored_laman,0.004301234735737589,0.13686938553029068,0.004301234735737589,0.13686938553029068,0.004301234735737235,0.11764705882352941,0.004301234735737235,0.13686938553029068,reduced,reduced,reduced,reduced,reduced
embedding_inexact_unanchored_laman_008,embedding_inexact_unanchored_laman,0.0045285606596243205,0.12895679527058881,0.0045285606596243205,0.12895679527058881,0.004528560659623948,0.10588235294117647,0.004528560659623948,0.12895679527058881,reduced,reduced,reduced,reduced,reduced
embedding_inexact_unanchored_laman_009,embedding_inexact_unanchored_laman,0.013436858477641254,0.14144276655528443,0.013436858477641254,0.14034343614516626,0.004495845142824888,0.12941176470588237,0.008928822664119667,0.14034343614516626,reduced,reduced,reduced,reduced,reduced
embedding_inexact_unanchored_laman_010,embedding_inexact_unanchored_laman,0.004485273551798529,0.14520010006934853,0.004485273551798529,0.14520010006934853,0.004485273551799083,0.11799307958477509,0.004485273551799083,0.14520010006934853,reduced,reduced,reduced,reduced,reduced
embedding_inexact_unanchored_laman_011,embedding_inexact_unanchored_laman,0.004396409450088355,0.1446534173657025,0.004396409450088355,0.1446534173657025,0.004396409450088897,0.10588235294117647,0.004396409450088897,0.1446534173657025,reduced,reduced,reduced,reduced,reduced
embedding_inexact_unanchored_laman_012,embedding_inexact_unanchored_laman,0.00458810746380337,0.13286602440897716,0.00458810746380337,0.13286602440897716,0.004588107463803747,0.09418300653594772,0.004588107463803747,0.13286602440897716,reduced,reduced,reduced,reduced,reduced
embedding_inexact_unanchored_laman_013,embedding_inexact_unanchored_laman,0.0043781051729524165,0.17585366622713375,0.0043781051729524165,0.17585366622713375,0.0043781051729524165,0.15294117647058825,0.0043781051729524165,0.17585366622713375,reduced,reduced,reduced,reduced,reduced
embedding_inexact_unanchored_laman_014,embedding_inexact_unanchored_laman,0.004423567796226692,0.11773931743094694,0.00878853492773428,0.11773931743094694,0.004423567796226874,0.08235294117647059,0.008788534927734463,0.11773931743094694,reduced,reduced,reduced,reduced,reduced
embedding_inexact_unanchored_laman_015,embedding_inexact_unanchored_laman,0.012658883762225192,0.10000661557484684,0.012658883762225192,0.10000661557484684,0.004409073826351191,0.08235294117647059,0.012658883762225374,0.10000661557484684,reduced,reduced,reduced,reduced,reduced
random_bilinear_001,random_bilinear,0.012904675911331735,0.056095238095238094,0.012904675911331735,0.056095238095238094,0.2733544459598139,0.06,0.24493471644439382,0.08942857142857143,reduced,reduced,reduced,reduced,reduced
random_bilinear_002,random_bilinear,0.012345381026421007,0.16701587301587303,0.012345381026421007,0.16701587301587303,1.0,1.0,1.0,1.0,reduced,reduced,reduced,feasible,feasible
random_bilinear_003,random_bilinear,0.030262628220600368,0.2161904761904762,0.030262628220600368,0.2161904761904762,1.0,1.0,1.0,1.0,reduced,reduced,reduced,feasible,feasible
random_bilinear_004,random_bilinear,0.011158031402164094,0.1443174603174603,0.011158031402164094,0.1443174603174603,0.08098755708944982,0.02,0.09809822398478683,0.1443174603174603,reduced,reduced,reduced,reduced,reduced
random_bilinear_005,random_bilinear,0.06006706061238684,0.14993650793650792,0.06006706061238684,0.1470793650793651,0.052228958830104734,0.02,0.07123178896554397,0.1470793650793651,reduced,reduced,reduced,reduced,reduced
random_bilinear_006,random_bilinear,0.007464091190138853,0.131015873015873,0.007464091190138853,0.12815873015873017,0.04342304556226263,0.0,0.02906422962864574,0.12815873015873017,reduced,reduced,reduced,reduced,reduced
random_bilinear_007,random_bilinear,0.0,0.13015873015873017,0.0,0.13015873015873017,0.11107428680165547,0.0,0.11107428680165547,0.13015873015873017,reduced,reduced,reduced,reduced,reduced
random_bilinear_008,random_bilinear,0.020829042465269107,0.17161904761904762,0.020829042465269107,0.17161904761904762,0.15946379791649135,0.04,0.17827429760550564,0.21161904761904762,reduced,reduced,reduced,reduced,reduced
random_bilinear_009,random_bilinear,0.0,0.12723809523809523,0.0,0.12723809523809523,0.04260115799129737,0.0,0.04260115799129737,0.12723809523809523,reduced,reduced,reduced,reduced,reduced
random_bilinear_010,random_bilinear,0.0,0.10620634920634921,0.0,0.10620634920634921,0.19849748128938105,0.04,0.19849748128938105,0.1462063492063492,reduced,reduced,reduced,reduced,reduced
random_bilinear_011,random_bilinear,0.16250264266288153,0.10904761904761905,0.16250264266288153,0.1819047619047619,0.14900874418075064,0.1,1.0,1.0,reduced,reduced,reduced,reduced,feasible
random_bilinear_012,random_bilinear,0.0,0.11298412698412698,0.0,0.11298412698412698,0.1918823298265356,0.04,0.1918823298265356,0.152984126984127,reduced,reduced,reduced,reduced,reduced
random_bilinear_013,random_bilinear,0.06012047515917871,0.18085714285714286,0.06012047515917871,0.20885714285714285,0.19554947162950675,0.06,0.3071907876846606,0.24485714285714288,reduced,reduced,reduced,reduced,reduced
random_bilinear_014,random_bilinear,0.0606167812110527,0.18563492063492062,0.0606167812110527,0.18563492063492062,1.0,1.0,1.0,1.0,reduced,reduced,reduced,feasible,feasible
random_bilinear_015,random_bilinear,0.0,0.1781111111111111,0.0,0.1781111111111111,0.15763726892457405,0.06,0.15763726892457405,0.1981111111111111,reduced,reduced,reduced,reduced,reduced
random_bilinear_016,random_bilinear,0.0,0.11706349206349205,0.0,0.11706349206349205,0.17811728818562142,0.02,0.17811728818562142,0.11706349206349205,reduced,reduced,reduced,reduced,reduced
random_bilinear_017,random_bilinear,0.051458056280435545,0.12209523809523809,0.0892007912083404,0.11809523809523809,0.05508572413128049,0.0,1.0,1.0,reduced,reduced,reduced,reduced,feasible
random_bilinear_018,random_bilinear,0.056149011742161685,0.13546031746031745,0.056149011742161685,0.13546031746031745,0.12019771202523104,0.04,0.15661298502787263,0.13546031746031745,reduced,reduced,reduced,reduced,reduced
random_bilinear_019,random_bilinear,0.04731191149186373,0.16771428571428573,0.05781723568161404,0.1614920634920635,1.0,1.0,1.0,1.0,reduced,reduced,reduced,feasible,feasible
random_bilinear_020,random_bilinear,0.048056596476167196,0.08315873015873017,0.048056596476167196,0.12315873015873015,0.20782962571014288,0.06,0.2036550975588238,0.16315873015873017,reduced,reduced,reduced,reduced,reduced
random_bilinear_021,random_bilinear,0.0,0.09304761904761903,0.0,0.09304761904761903,0.15656667524265602,0.02,0.15656667524265602,0.09304761904761903,reduced,reduced,reduced,reduced,reduced
random_bilinear_022,random_bilinear,0.047815480689687204,0.11239682539682538,0.047815480689687204,0.11239682539682538,0.31716429826369685,0.08,0.46174227191033707,0.23017460317460314,reduced,reduced,reduced,reduced,reduced
random_bilinear_023,random_bilinear,0.038900527773934816,0.14534920634920634,0.10293897473415249,0.16534920634920636,0.2906341320529242,0.06,0.34055976326034937,0.18534920634920635,reduced,reduced,reduced,reduced,reduced
random_bilinear_024,random_bilinear,0.03681958488687809,0.12079365079365079,0.03681958488687809,0.1407936507936508,1.0,1.0,0.09691418861937366,0.1407936507936508,reduced,reduced,reduced,feasible,reduced
random_bilinear_025,random_bilinear,0.09161518236098734,0.10312698412698414,0.09161518236098734,0.1536031746031746,0.36146242960515546,0.1,0.3599253127872367,0.1536031746031746,reduced,reduced,reduced,reduced,reduced
random_bilinear_026,random_bilinear,0.04096925399167611,0.14212698412698413,0.04096925399167611,0.14612698412698413,0.07428959329089445,0.02,0.08077941830380629,0.14612698412698413,reduced,reduced,reduced,reduced,reduced
random_bilinear_027,random_bilinear,0.0,0.11853968253968253,0.0,0.11853968253968253,0.0797641194242664,0.04,0.0797641194242664,0.13853968253968255,reduced,reduced,reduced,reduced,reduced
random_bilinear_028,random_bilinear,0.01837686803357836,0.14804761904761907,0.01837686803357836,0.14804761904761907,0.12642014062220688,0.02,1.0,1.0,reduced,reduced,reduced,reduced,feasible
random_bilinear_029,random_bilinear,0.05028686402408038,0.09523809523809523,0.05028686402408038,0.09523809523809523,0.060043141522056614,0.0,0.08561882673555493,0.09523809523809523,reduced,reduced,reduced,reduced,reduced
random_bilinear_030,random_bilinear,0.06749144962543079,0.12023809523809524,0.06749144962543079,0.15357142857142858,1.0,1.0,1.0,1.0,reduced,reduced,reduced,feasible,feasible
random_generic_001,random_generic,0.3942595050668888,0.03,0.3942595050668888,0.15457142857142858,0.0863198869499211,0.02,1.0,1.0,reduced,reduced,reduced,reduced,feasible
random_generic_002,random_generic,0.2415409484570532,0.048,0.2415409484570532,0.08755555555555557,0.2383053822134487,0.06,1.0,1.0,reduced,reduced,reduced,reduced,feasible
random_generic_003,random_generic,0.5616563886125263,0.08685714285714285,1.0,1.0,1.0,1.0,1.0,1.0,reduced,reduced,feasible,feasible,feasible
random_generic_004,random_generic,0.07629048051568472,0.015238095238095238,0.07629048051568472,0.012380952380952381,0.059983000227847444,0.02,-0.040231074069531976,0.026666666666666665,reduced,reduced,reduced,reduced,reduced
random_generic_005,random_generic,0.10242032103015113,0.019,0.10242032103015113,0.04,0.06625172575049927,0.02,-0.02297262460891926,0.06,reduced,reduced,reduced,reduced,reduced
random_generic_006,random_generic,0.0652801410859756,0.01638095238095238,0.0652801410859756,0.006857142857142857,0.06333437667914617,0.0,0.010966380557405942,0.006857142857142857,reduced,reduced,reduced,reduced,reduced
random_generic_007,random_generic,0.18387932392092488,0.028888888888888888,0.18387932392092488,0.03238095238095238,0.07398492683754325,0.02,0.041336560565474086,0.052380952380952375,reduced,reduced,reduced,reduced,reduced
random_generic_008,random_generic,0.1860531723085706,0.022222222222222223,0.1860531723085706,0.02666666666666667,0.1672997067538444,0.02,0.3359253409102152,0.04666666666666667,reduced,reduced,reduced,reduced,reduced
random_generic_009,random_generic,0.10073011881974986,0.041523809523809525,0.1390919952095739,0.04152380952380952,0.05685292841498355,0.02,0.1048958750719128,0.04152380952380952,reduced,reduced,reduced,reduced,reduced
random_generic_010,random_generic,0.15674812112710512,0.0,0.15674812112710512,0.026666666666666665,0.09159373530708755,0.02,0.15140840488309895,0.026666666666666665,reduced,reduced,reduced,reduced,reduced
random_generic_011,random_generic,0.31247855916522876,0.026666666666666665,0.31247855916522876,0.10742857142857144,1.0,1.0,1.0,1.0,reduced,reduced,reduced,feasible,feasible
random_generic_012,random_generic,0.1851873087223704,0.009523809523809523,0.1851873087223704,0.041904761904761896,0.13558255715540882,0.02,1.0,1.0,reduced,reduced,reduced,reduced,feasible
random_generic_013,random_generic,0.0971179024538842,0.039523809523809524,0.0971179024538842,0.06752380952380953,0.06819773450753842,0.02,0.10282689154418313,0.06752380952380953,reduced,reduced,reduced,reduced,reduced
random_generic_014,random_generic,0.2875189626268395,0.028999999999999998,0.2935783671776395,0.149,0.14711515900053798,0.04,1.0,1.0,reduced,reduced,reduced,reduced,feasible
random_generic_015,random_generic,0.131946587836358,0.04566666666666666,0.14747694447363624,0.09919047619047618,0.11871417189996969,0.04,0.061245453967230926,0.09919047619047618,reduced,reduced,reduced,reduced,reduced
random_generic_016,random_generic,0.07987920961241644,0.013333333333333332,0.07987920961241644,0.012888888888888887,0.12230852466302106,0.0,1.0,1.0,reduced,reduced,reduced,reduced,feasible
random_generic_017,random_generic,0.11871410123001895,0.02,0.1665709344897149,0.050666666666666665,0.14614563137563785,0.0,1.0,1.0,reduced,reduced,reduced,reduced,feasible
random_generic_018,random_generic,0.18966960723910958,0.033206349206349205,0.20970043188571003,0.05117460317460317,0.08481922265791703,0.0,1.0,1.0,reduced,reduced,reduced,reduced,feasible
random_generic_019,random_generic,0.09455351888037425,0.039047619047619046,0.09455351888037425,0.04971428571428572,1.0,1.0,1.0,1.0,reduced,reduced,reduced,feasible,feasible
random_generic_020,random_generic,0.10718060987267285,0.02952380952380952,0.10718060987267285,0.02952380952380952,0.17741375866910786,0.06,0.1225081780832812,0.06952380952380953,reduced,reduced,reduced,reduced,reduced
random_generic_021,random_generic,0.08882507898655832,0.03,0.10327732467271569,0.039,0.08763967541096297,0.0,0.14573241769687392,0.039,reduced,reduced,reduced,reduced,reduced
random_generic_022,random_generic,0.11795353043762374,0.05916666666666666,0.11795353043762374,0.0565,0.4149148789528611,0.12,1.0,1.0,reduced,reduced,reduced,reduced,feasible
random_generic_023,random_generic,0.12943469237086852,0.034,0.20843435544097888,0.07133333333333333,0.3078453735984284,0.08,1.0,1.0,reduced,reduced,reduced,reduced,feasible
random_generic_024,random_generic,0.11142680179011961,0.004,0.11142680179011961,0.04638095238095238,0.04479224833194016,0.0,1.0,1.0,reduced,reduced,reduced,reduced,feasible
random_generic_025,random_generic,0.1826090438859178,0.006857142857142857,0.1826090438859178,0.02311111111111111,0.04493578691513463,0.0,1.0,1.0,reduced,reduced,reduced,reduced,feasible
random_generic_026,random_generic,0.10791295414166135,0.017857142857142856,0.10791295414166135,0.029857142857142856,0.04812523895143666,0.0,0.05487165212213624,0.029857142857142856,reduced,reduced,reduced,reduced,reduced
random_generic_027,random_generic,0.20940623746893974,0.040857142857142856,0.2284459893313354,0.13752380952380952,0.13931881967955764,0.02,1.0,1.0,reduced,reduced,reduced,reduced,feasible
random_generic_028,random_generic,0.16769307369942155,0.03,0.16769307369942155,0.07177777777777777,0.05001265731770003,0.0,-0.08820194699171417,0.07177777777777777,reduced,reduced,reduced,reduced,reduced
random_generic_029,random_generic,0.09345689159042009,0.021666666666666664,0.09345689159042009,0.026666666666666665,0.099432776055679,0.02,0.394417585291762,0.07,reduced,reduced,reduced,reduced,reduced
random_generic_030,random_generic,0.4135690503921522,0.114,1.0,1.0,1.0,1.0,1.0,1.0,reduced,reduced,feasible,feasible,feasible
random_pure_001,random_pure,1.0,0.004,1.0,1.0,0.11957995358971416,0.04,1.0,1.0,feasible,reduced,feasible,reduced,feasible
random_pure_002,random_pure,0.138373450975502,0.10426984126984128,0.1495296935568912,0.098984126984127,1.0,1.0,1.0,1.0,reduced,reduced,reduced,feasible,feasible
random_pure_003,random_pure,0.2798768382298546,0.07355555555555555,0.3517965608523069,0.2715238095238095,1.0,1.0,1.0,1.0,reduced,reduced,reduced,feasible,feasible
random_pure_004,random_pure,0.2934400946677119,0.04,0.3562484219823098,0.22619047619047616,0.06578655585740671,0.02,1.0,1.0,reduced,reduced,reduced,reduced,feasible
random_pure_005,random_pure,0.13535685374610767,0.07066666666666667,0.13535685374610767,0.09966666666666665,0.06692275985702079,0.02,0.09125536874682309,0.09966666666666665,reduced,reduced,reduced,reduced,reduced
random_pure_006,random_pure,0.06835101114178005,0.07288888888888889,0.06835101114178005,0.1046984126984127,0.04501968723703843,0.0,0.1854889172692827,0.14469841269841272,reduced,reduced,reduced,reduced,reduced
random_pure_007,random_pure,0.21891751369430612,0.06566666666666666,0.21891751369430612,0.08241269841269841,0.10592963871701983,0.04,0.1775879939250077,0.1024126984126984,reduced,reduced,reduced,reduced,reduced
random_pure_008,random_pure,0.11275240335471237,0.020666666666666663,0.11275240335471237,0.049555555555555554,0.28622205505925136,0.02,0.3542788875656787,0.08455555555555555,reduced,reduced,reduced,reduced,reduced
random_pure_009,random_pure,0.15424147917357184,0.0791904761904762,0.15424147917357184,0.11085714285714285,0.04180873089712425,0.02,0.12793739117175432,0.11085714285714285,reduced,reduced,reduced,reduced,reduced
random_pure_010,random_pure,0.1304561459206386,0.03304761904761905,0.1304561459206386,0.06371428571428571,0.10205961333138211,0.02,0.3105013282285263,0.07971428571428571,reduced,reduced,reduced,reduced,reduced
random_pure_011,random_pure,1.0,0.04519047619047619,1.0,1.0,1.0,1.0,1.0,1.0,feasible,reduced,feasible,feasible,feasible
random_pure_012,random_pure,0.2146935691049253,0.017523809523809525,0.21906538606530326,0.08209523809523808,0.12497134177627221,0.02,1.0,1.0,reduced,reduced,reduced,reduced,feasible
random_pure_013,random_pure,0.09696326765744048,0.10436507936507937,0.09696326765744048,0.14936507936507937,0.0773275226948801,0.02,0.3250768492928539,0.19857142857142857,reduced,reduced,reduced,reduced,reduced
random_pure_014,random_pure,0.10201354044557719,0.06307936507936508,0.11058782510826014,0.10619047619047621,0.08003372929632917,0.04,0.10473833746599984,0.10619047619047621,reduced,reduced,reduced,reduced,reduced
random_pure_015,random_pure,0.11030822334808543,0.052222222222222225,0.12962389882743763,0.06855555555555555,0.10892950828661749,0.04,0.12939950164830152,0.08855555555555554,reduced,reduced,reduced,reduced,reduced
random_pure_016,random_pure,0.14081944186791912,0.06088888888888889,0.14081944186791912,0.10312698412698414,0.07376673111674475,0.0,1.0,1.0,reduced,reduced,reduced,reduced,feasible
random_pure_017,random_pure,0.4080721872874455,0.061523809523809515,1.0,1.0,0.03255052112056052,0.0,1.0,1.0,reduced,reduced,feasible,reduced,feasible
random_pure_018,random_pure,0.40886872599716234,0.07276190476190476,0.5208299589808009,0.3061904761904762,0.056070054001227256,0.02,1.0,1.0,reduced,reduced,reduced,reduced,feasible
random_pure_019,random_pure,0.18859269690575547,0.09185714285714285,0.30605225937940245,0.20326984126984127,1.0,1.0,1.0,1.0,reduced,reduced,reduced,feasible,feasible
random_pure_020,random_pure,0.11862541781546736,0.0441904761904762,0.11862541781546736,0.064,0.25538323269251306,0.08,0.23237425296368378,0.12399999999999999,reduced,reduced,reduced,reduced,reduced
random_pure_021,random_pure,0.12017017916451887,0.04685714285714285,0.12017017916451887,0.09657142857142857,0.12362502962155665,0.0,0.1619434939058437,0.09657142857142857,reduced,reduced,reduced,reduced,reduced
random_pure_022,random_pure,0.2693502739295484,0.09085714285714286,0.29422621101845886,0.2019047619047619,0.08294447872581204,0.04,0.21396929847338086,0.2019047619047619,reduced,reduced,reduced,reduced,reduced
random_pure_023,random_pure,0.15019982881406602,0.056444444444444436,0.15901006315552008,0.10774603174603176,0.24332488000219651,0.06,0.3129641558142231,0.14774603174603176,reduced,reduced,reduced,reduced,reduced
random_pure_024,random_pure,0.10602142956840602,0.09074603174603174,0.10602142956840602,0.10626984126984126,1.0,1.0,1.0,1.0,reduced,reduced,reduced,feasible,feasible
random_pure_025,random_pure,0.2615624492057232,0.025634920634920632,0.2615624492057232,0.118015873015873,0.076867035126148,0.0,1.0,1.0,reduced,reduced,reduced,reduced,feasible
random_pure_026,random_pure,0.18980170624885356,0.08460317460317461,0.2103795097996071,0.1296031746031746,0.09839781348116186,0.0,1.0,1.0,reduced,reduced,reduced,reduced,feasible
random_pure_027,random_pure,0.22801156290406227,0.06952380952380953,0.24031144447701394,0.13412698412698412,1.0,1.0,1.0,1.0,reduced,reduced,reduced,feasible,feasible
random_pure_028,random_pure,0.10537616857748375,0.05355555555555556,0.10537616857748375,0.07355555555555555,0.054198349138199264,0.0,0.04429597409509188,0.07355555555555555,reduced,reduced,reduced,reduced,reduced
random_pure_029,random_pure,0.1161862873827009,0.08399999999999999,0.1161862873827009,0.10399999999999998,0.09043300335064972,0.02,0.2436863935478365,0.12399999999999999,reduced,reduced,reduced,reduced,reduced
random_pure_030,random_pure,0.44996302251552434,0.1007936507936508,0.44996302251552434,0.18017460317460318,0.16901184856144252,0.06,1.0,1.0,reduced,reduced,reduced,reduced,feasible
random_separable_001,random_separable,0.7377627494976708,0.2332142857142857,0.8887052441121002,0.88,0.9708184232973027,0.96,0.9821588176050958,0.98,reduced,reduced,reduced,reduced,reduced
random_separable_002,random_separable,0.8999647688292345,0.28944444444444445,0.8999647688292345,0.98,0.9804330340160083,0.96,0.9938273094867895,0.98,reduced,reduced,reduced,reduced,feasible
random_separable_003,random_separable,0.4582491922265202,0.17904761904761904,0.746097521956091,0.8733333333333333,0.9690460536358442,0.94,0.9822904725529665,0.98,reduced,reduced,reduced,reduced,reduced
random_separable_004,random_separable,0.8377800424676008,0.09261904761904763,0.9475730264899889,0.96,0.979407264560695,0.98,0.9846126604696863,0.98,reduced,reduced,reduced,reduced,reduced
random_separable_005,random_separable,0.889196160411029,0.1295238095238095,0.9097643898547867,0.92,0.9897158852781212,0.92,1.0,1.0,reduced,reduced,reduced,reduced,feasible
random_separable_006,random_separable,0.33358830255480076,0.14816666666666667,0.9559555359805757,0.98,0.9785122360188045,0.96,0.9709659315947595,0.98,reduced,reduced,reduced,reduced,feasible
random_separable_007,random_separable,0.9209242126917084,0.205,0.9209242126917084,0.94,0.9447908010939878,0.9,0.9754239171830242,0.96,reduced,reduced,reduced,reduced,reduced
random_separable_008,random_separable,0.3554822284189736,0.15066666666666667,0.9510465842222036,0.94,0.9900620211243618,0.96,1.0,1.0,reduced,reduced,reduced,reduced,feasible
random_separable_009,random_separable,0.8919124261652909,0.1534126984126984,0.8919124261652909,0.96,1.0,1.0,1.0,1.0,reduced,reduced,reduced,feasible,feasible
random_separable_010,random_separable,0.7980825176782788,0.17777777777777778,0.8699971955697903,0.865,0.9538214165546105,0.96,0.9632595061564192,0.985,reduced,reduced,reduced,reduced,reduced
random_separable_011,random_separable,0.8598907217371429,0.19142857142857142,0.9193922530429094,0.94,0.9832863708656567,0.96,0.9880929703593777,0.98,reduced,reduced,reduced,reduced,reduced
random_separable_012,random_separable,0.9602517454903686,0.25495238095238093,0.9602517454903686,0.98,0.9811954153706306,0.96,1.0,1.0,reduced,reduced,reduced,reduced,feasible
random_separable_013,random_separable,0.9085009022008091,0.18657142857142858,0.9663454874202204,0.98,1.0,1.0,0.9873525113531275,0.98,reduced,reduced,reduced,feasible,feasible
random_separable_014,random_separable,0.7519874038514337,0.15555555555555556,0.8814255198662325,0.86,0.9539041080774268,0.92,0.969702977246,0.94,reduced,reduced,reduced,reduced,reduced
random_separable_015,random_separable,0.4187758081546539,0.13035714285714284,0.9819761138125459,0.98,0.9831335181323483,0.98,0.9819761138125459,0.98,reduced,reduced,reduced,reduced,feasible
random_separable_016,random_separable,0.7337337999919488,0.3233333333333333,0.86719471090901,0.9525,0.982097570873224,0.98,0.9872460521567008,1.0,reduced,reduced,reduced,reduced,reduced
random_separable_017,random_separable,0.5372153273106433,0.23366666666666666,0.8922428769921636,0.9,0.9766497017184118,0.94,0.9873797169741124,0.98,reduced,reduced,reduced,reduced,reduced
random_separable_018,random_separable,0.8883570518215798,0.20685714285714282,0.90838787646818,0.98,0.9844966218297654,0.96,1.0,1.0,reduced,reduced,reduced,reduced,feasible
random_separable_019,random_separable,0.538679456341481,0.21888888888888888,0.9564329002930767,0.96,0.9832956141856394,0.94,0.9880995554333988,1.0,reduced,reduced,reduced,reduced,reduced
random_separable_020,random_separable,0.8794507635356773,0.20666666666666664,0.9808902883807138,0.98,1.0,1.0,0.9808902883807138,0.98,reduced,reduced,reduced,feasible,feasible
random_separable_021,random_separable,0.656840161643233,0.1667142857142857,0.858397505242244,0.9133333333333333,0.9786831103639496,0.92,0.9840715567134386,0.98,reduced,reduced,reduced,reduced,reduced
random_separable_022,random_separable,0.8773578053171891,0.24442857142857144,0.9274353601312927,0.98,0.9764735862652401,0.98,0.9775129149453963,0.98,reduced,reduced,reduced,reduced,feasible
random_separable_023,random_separable,0.9222238610681548,0.17166666666666663,0.9222238610681548,0.9,0.9825209898991604,0.94,0.9875477019570944,0.96,reduced,reduced,reduced,reduced,reduced
random_separable_024,random_separable,0.8920072073551886,0.29933333333333334,0.9247568991633487,0.96,0.9820754658711993,0.96,0.9872303042355163,0.98,reduced,reduced,reduced,reduced,reduced
random_separable_025,random_separable,0.884212499885551,0.07785714285714286,0.9362624637922665,0.932,0.9864311487566195,0.98,1.0,1.0,reduced,reduced,reduced,reduced,feasible
random_separable_026,random_separable,0.8638174151753623,0.2301904761904762,0.914426310642671,0.96,0.9508362096658235,0.84,0.9876109277726848,0.98,reduced,reduced,reduced,reduced,reduced
random_separable_027,random_separable,0.8575084996135346,0.158,0.8795558067147061,0.9,0.9902525744717802,0.98,1.0,1.0,reduced,reduced,reduced,reduced,feasible
random_separable_028,random_separable,0.7345455125861882,0.24395238095238095,0.9137105867220044,0.94,0.9899323218063455,0.92,1.0,1.0,reduced,reduced,reduced,reduced,feasible
random_separable_029,random_separable,0.8593171759850011,0.17755555555555558,0.8593171759850011,0.884,0.9420141773977914,0.9,0.987820152091177,0.98,reduced,reduced,reduced,reduced,reduced
random_separable_030,random_separable,0.8256950336975323,0.18933333333333333,0.8620736644997766,0.94,1.0,1.0,1.0,1.0,reduced,reduced,reduced,feasible,feasible
